"site.code","grid.cell.number","latitude","longitude","survey.date","year","start.time","end.time","group.size","crowberry.present","num.cells.crowberry","num.cells.crowberry.flowers","num.cells.crowberry.fruits","num.cells.crowberry.brleaves","cinquefoil.present","num.cells.cinquefoil","num.cells.cinquefoil.flowers","num.cells.cinquefoil.fruits","num.cells.cinquefoil.brleaves","crowberry.inat","cinquefoil.inat","notes","global.id"
"ACMO",1610,44.3233041315781,-68.3235329678196,2023-09-13,2023,"11:32","11:35",4,"no",NA,NA,NA,NA,"no",NA,NA,NA,NA,"","","There is a cliff on one end of the grid. Grid is mostly rock.","b0ddae76-15f2-4f3e-80cf-95c183423ffa"
"ACMO",1825,44.3234909281435,-68.3230096307649,2023-09-13,2023,"11:32","11:59",4,"no",NA,NA,NA,NA,"yes",11,0,1,4,"","Yes"," ","b5007b69-1533-4850-b454-3a86bb1592bf"
"ACMO",1750,44.3238460168926,-68.3231911983991,2023-09-13,2023,"11:42","11:45",3,"no",NA,NA,NA,NA,"no",NA,NA,NA,NA,"","","We didnt find anything","42a64de1-4d89-4c4e-bb49-631c197623ef"
"ACMO",1609,44.3234824428009,-68.323585529575,2023-09-13,2023,"11:46","11:52",4,"no",NA,NA,NA,NA,"no",NA,NA,NA,NA,"","","Area is partially rocky with trees","73268f6c-f80a-4697-9ab6-18512640cf76"
"ACMO",1538,44.3234184052844,-68.3237074184874,2023-09-13,2023,"12:02","12:10",4,"no",NA,NA,NA,NA,"no",NA,NA,NA,NA,"","","Small tree thicket on one end prevented us from completing the circle","18c6b315-fdca-4d6b-ba71-8a65e1cc562e"
"ACMO",1751,44.3237154904738,-68.3231617351828,2023-09-13,2023,"12:03","12:04",3,"no",NA,NA,NA,NA,"no",NA,NA,NA,NA,"","","There are not here","6362ebf5-2e62-47ab-a7d1-e4af21bb4658"
"ACMO",1826,44.3233619175542,-68.3230327303107,2023-09-13,2023,"12:06","12:09",4,"no",NA,NA,NA,NA,"yes",5,0,0,2,"","Yes","","50247e9c-3b33-4f2d-94f6-732538b7e4fa"
"ACMO",1752,44.3235934943894,-68.3231445971534,2023-09-13,2023,"12:12","12:12",3,"no",NA,NA,NA,NA,"no",NA,NA,NA,NA,"","","Center point is on a boulder surrounded by northern white cedar and pine","7a850f5f-e75e-41a0-a409-3aa6902327ec"
"ACMO",1682,44.3233173884354,-68.3233749722418,2023-09-13,2023,"12:54","12:57",4,"no",NA,NA,NA,NA,"no",NA,NA,NA,NA,"","","","441b91bd-b1eb-4d63-af35-dbe24c90c084"
"ACMO",1824,44.3235884835716,-68.3229519930384,2023-09-13,2023,"12:55","12:56",4,"no",NA,NA,NA,NA,"no",NA,NA,NA,NA,"","","","ed717f0d-b808-4e5e-a79e-08758166e21f"
"ACMO",1681,44.3234583700771,-68.3233701069792,2023-09-13,2023,"12:58","13:07",4,"no",NA,NA,NA,NA,"no",NA,NA,NA,NA,"","","","aa402780-b979-4d15-8681-0e29c05d4a3e"
"ACMO",1823,44.3237242879765,-68.323022317955,2023-09-13,2023,"13:01","13:02",4,"no",NA,NA,NA,NA,"yes",3,0,0,3,"","Yes","","1e03bda2-7c7c-4949-b36c-5b1bd9086c87"
"ACMO",1753,44.3234364468286,-68.3232174941824,2023-09-13,2023,"13:02","13:05",3,"no",NA,NA,NA,NA,"no",NA,NA,NA,NA,"","","Lots of foliage and black huckleberry surrounding","8ce3ce5b-192f-485d-8fcc-8d8415af77ee"
"ACMO",1822,44.3238303204506,-68.3230175775877,2023-09-13,2023,"13:09","13:10",4,"no",NA,NA,NA,NA,"yes",1,0,0,0,"","Yes","","e0db8b93-86ac-4ee5-b51f-40993a8b2834"
"ACMO",1754,44.3233413278829,-68.3231690702542,2023-09-13,2023,"13:12","13:16",3,"no",NA,NA,NA,NA,"yes",3,0,0,3,"","Yes","Between rock crevaces","73cc7de4-eaa8-44b5-9296-dbc58f40453a"
"ACMO",1967,44.3237113409264,-68.3226199445418,2023-09-13,2023,"13:23","13:34",4,"no",NA,NA,NA,NA,"no",NA,NA,NA,NA,"","","","f43b4195-ddac-445f-b2e7-436b33c20d3c"
"ACMO",1899,44.3231883647759,-68.3228241667177,2023-09-13,2023,"13:23","13:26",4,"no",NA,NA,NA,NA,"yes",5,0,0,2,"","Yes","","3b721aba-5de2-44e0-99e0-ca1df073bd81"
"ACMO",1900,44.3230794074623,-68.3227262507738,2023-09-13,2023,"13:33","13:33",4,"no",NA,NA,NA,NA,"no",NA,NA,NA,NA,"","","Site is off small cliff and diffucult to access","2a3b4573-be5b-4832-aa28-44d7b57134bf"
"ACMO",2039,44.3237000917781,-68.3224752896511,2023-09-13,2023,"13:36","13:48",4,"no",NA,NA,NA,NA,"no",NA,NA,NA,NA,"","","","7d4b6989-9c84-4ed5-bf6e-720ab4628de1"
"ACMO",1972,44.3230712767999,-68.322653582081,2023-09-13,2023,"13:36","13:39",4,"no",NA,NA,NA,NA,"yes",2,0,0,1,"","Yes, but not uploaded","","d00b5e88-8994-4c07-af2f-c7c8aa5d32a9"
"ACMO",2042,44.323394045221,-68.322451474801,2023-09-13,2023,"13:38","13:43",3,"no",NA,NA,NA,NA,"yes",3,0,1,3,"","Yes","Between Rocks","6ecb61b4-6357-4195-b4b5-3cc5432bdd29"
"ACMO",2044,44.3230897921121,-68.3224847026742,2023-09-13,2023,"13:45","13:46",4,"no",NA,NA,NA,NA,"yes",1,0,0,1,"","Yes","","eb348119-ada3-43b4-9d3d-eff4ba677cf8"
"ACMO",2041,44.3234565487774,-68.3224878210851,2023-09-13,2023,"13:47","13:51",3,"no",NA,NA,NA,NA,"yes",4,0,0,3,"","Yes","Between rocks","951261a4-1e57-4ed8-9d63-f53f72b05c3d"
"ACMO",2043,44.3232214555533,-68.3224786417871,2023-09-13,2023,"13:56","13:57",4,"no",NA,NA,NA,NA,"yes",5,0,0,1,"","Yes","","0ffe9d11-eb7a-4af7-87bd-bebc52790f0d"
"ACMO",2112,44.323603535999,-68.3222828651345,2023-09-13,2023,"13:56","14:00",3,"no",NA,NA,NA,NA,"yes",13,0,3,8,"","Yes","Rocks","73c9e9fd-c725-4f64-a79c-d9fd61bb9b8f"
"ACMO",2114,44.3233154809398,-68.3223038904108,2023-09-13,2023,"14:04","14:06",41414,"no",NA,NA,NA,NA,"yes",14,0,0,11,"","Yes","On a cliffside","21aadb19-0496-4c10-823a-8908e208ff84"
"BEMO",941,44.3047894901044,-68.3692607267948,2023-08-02,2023,"11:33","11:35",NA,"no",NA,NA,NA,NA,"no",NA,NA,NA,NA,"","","","6b6b8d49-5b2b-4b64-b346-71fe91751cf6"
"BEMO",944,44.30443907,-68.36925825,2023-08-02,2023,"11:37","11:41",3,"no",NA,NA,NA,NA,"no",NA,NA,NA,NA,"","","","76513bfb-d453-46aa-8a85-323944320109"
"BEMO",854,44.3051648709925,-68.3695836640784,2023-08-02,2023,"11:44","11:49",NA,"no",NA,NA,NA,NA,"no",NA,NA,NA,NA,"","","","faabc549-5cd8-41a8-ac64-c63bb663b5d6"
"BEMO",942,44.3046743942681,-68.3692050422211,2023-08-02,2023,"11:45","11:45",NA,"no",NA,NA,NA,NA,"no",NA,NA,NA,NA,"","","","9d3b4cf9-bbde-4efb-b53b-142ebbd44cbc"
"BEMO",942,44.30469438,-68.36927864,2023-08-02,2023,"11:51","11:53",3,"no",NA,NA,NA,NA,"yes",12,0,0,1,"","Yes","","9f02e0c6-799e-4141-a4f7-315bee7641be"
"BEMO",943,44.3045699368289,-68.369190463515,2023-08-02,2023,"11:53","11:55",NA,"no",NA,NA,NA,NA,"no",NA,NA,NA,NA,"","","","b8c62f6d-2a5b-49be-99da-4aef756da38f"
"BEMO",941,44.30481305,-68.36930175,2023-08-02,2023,"11:57","11:58",3,"no",NA,NA,NA,NA,"no",NA,NA,NA,NA,"","","","3489ba17-3c6e-4050-8202-3f6b62e944ee"
"BEMO",986,44.3044165042948,-68.3691607511685,2023-08-02,2023,"12:04","12:06",NA,"no",NA,NA,NA,NA,"yes",5,0,0,1,"","Yes, but not uploaded","","6efb7cd6-128d-401e-b33f-4a273e79d5ed"
"BEMO",1027,44.30456807,-68.36889124,2023-08-02,2023,"12:14","12:15",3,"no",NA,NA,NA,NA,"no",NA,NA,NA,NA,"","","","74cd9159-8c94-451c-aa3c-1030ec094dac"
"BEMO",1028,44.30444779,-68.3688518,2023-08-02,2023,"12:19","12:19",3,"no",NA,NA,NA,NA,"no",NA,NA,NA,NA,"","","","b7ffddc7-d49d-4135-9cb4-6fc3655fdca3"
"BEMO",197,44.30322828,-68.37247926,2023-08-02,2023,"13:25","13:27",3,"no",NA,NA,NA,NA,"no",NA,NA,NA,NA,"","","","59d5f269-1e7e-426a-8cd0-8ff428070670"
"BEMO",196,44.3032739800983,-68.3725023298469,2023-08-02,2023,"13:26","13:27",NA,"no",NA,NA,NA,NA,"no",NA,NA,NA,NA,"","","","996027ea-882c-4f38-9000-2eb5ebc1448f"
"BEMO",239,44.3031755109874,-68.3722164798188,2023-08-02,2023,"13:29","13:30",NA,"no",NA,NA,NA,NA,"no",NA,NA,NA,NA,"","","","e4d4e280-3667-4601-8ca3-66e33e2afbc4"
"BEMO",198,44.30311205,-68.37247146,2023-08-02,2023,"13:29","13:30",3,"no",NA,NA,NA,NA,"no",NA,NA,NA,NA,"","","","4e08eaa0-4e48-48c5-8dae-2d8416b72990"
"BEMO",239,44.30324582,-68.37231508,2023-08-02,2023,"13:33","13:33",3,"no",NA,NA,NA,NA,"no",NA,NA,NA,NA,"","","","bf697f1f-21b1-4208-b2a0-b50a81219c9c"
"BEMO",240,44.3031775586445,-68.3722762488955,2023-08-02,2023,"13:38","13:40",NA,"yes",11,0,0,4,"no",NA,NA,NA,NA,"No","","K","d53fb4a4-270a-4c7b-acce-c8fd0a95367e"
"BEMO",366,44.3031591095088,-68.3718345687613,2023-08-02,2023,"13:43","13:43",NA,"no",NA,NA,NA,NA,"no",NA,NA,NA,NA,"","","","bf6e4aa2-e28d-47b9-aa32-2039100af021"
"BEMO",324,44.3031438803905,-68.3718667127923,2023-08-02,2023,"13:45","13:48",NA,"no",NA,NA,NA,NA,"no",NA,NA,NA,NA,"","","","aa7ad7d6-6a5d-4167-8195-49883d9dbcca"
"BLHI",1587,44.3389398608303,-68.0455623254663,2023-09-01,2023,"08:36","08:41",NA,"no",NA,NA,NA,NA,"yes",20,0,1,9,"","Yes, but not uploaded","","cd809d29-aa59-43f9-95d6-1e999507e8f6"
"BLHI",1549,44.3389098085856,-68.045757054737,2023-09-01,2023,"08:44","08:50",NA,"yes",14,0,0,14,"yes",19,0,7,8,"Yes, but not uploaded","Yes, but not uploaded","Dead crowberry","6761ce7c-1604-4739-92c0-2c0fc726ad4b"
"BLHI",162,44.33869509,-68.04547597,2023-09-01,2023,"08:46","09:00",5,"no",NA,NA,NA,NA,"yes",8,0,0,0,"","Yes, but not uploaded","Surrounded bylots of rosebushes on site","c618a503-0866-43bc-9d27-820f3a50f1ac"
"BLHI",1511,44.3389330732049,-68.0459094294975,2023-09-01,2023,"08:53","08:59",NA,"no",NA,NA,NA,NA,"yes",3,0,1,3,"","Yes, but not uploaded","","a49bd06f-c036-463f-81f9-2e4fbbb08d88"
"BLHI",1585,44.3391882216936,-68.0455927993418,2023-09-01,2023,"09:12","09:17",NA,"no",NA,NA,NA,NA,"no",NA,NA,NA,NA,"","",":(","0fa0d13e-ba23-4813-abf6-a0735afe4d88"
"BLHI",1586,44.3390489504565,-68.0456285805083,2023-09-01,2023,"09:21","09:25",NA,"no",NA,NA,NA,NA,"no",NA,NA,NA,NA,"","",":(","b41decca-363e-4c88-94da-4dba8591d971"
"BLHI",5,44.33825206,-68.04573491,2023-09-01,2023,"09:29","09:32",1554,"no",NA,NA,NA,NA,"no",NA,NA,NA,NA,"","","Crowberry Outside of circle. Dense veggitation","5f663947-7ca7-495d-b3ae-ab7c65ad7088"
"BLHI",1662,44.3390576916282,-68.0452284276597,2023-09-01,2023,"09:30","09:33",NA,"no",NA,NA,NA,NA,"yes",7,0,0,6,"","Yes, but not uploaded","","ecadf94a-84b1-44f8-b5e1-662d55e3da16"
"BLHI",1700,44.3390646426115,-68.0450725901128,2023-09-01,2023,"09:36","09:40",NA,"no",NA,NA,NA,NA,"yes",25,3,9,20,"","Yes, but not uploaded","","2ad64cd2-de89-4c1a-b5fb-408a87fc3b5e"
"BLHI",1555,44.33814069,-68.04574445,2023-09-01,2023,"09:41","09:47",5,"yes",9,0,0,6,"no",NA,NA,NA,NA,"Yes, but not uploaded","","","d9dd5b3b-46b7-4755-83e9-ca3e0b5fc4c9"
"BLHI",1699,44.33918223012,-68.045040960724,2023-09-01,2023,"09:42","09:45",NA,"no",NA,NA,NA,NA,"yes",7,0,0,3,"","Yes, but not uploaded","","35842879-a851-4a7a-85f8-2ebfa8aab3a2"
"BLHI",1661,44.3391992325146,-68.0452194001652,2023-09-01,2023,"09:46","09:51",NA,"no",NA,NA,NA,NA,"yes",14,0,0,7,"","Yes, but not uploaded","","2a1b9a57-ea71-4d8d-b563-7181e342cdfa"
"BLHI",1698,44.3393217867057,-68.0450931361568,2023-09-01,2023,"09:53","10:03",NA,"no",NA,NA,NA,NA,"yes",2,0,0,0,"","Yes, but not uploaded","","cab6d92e-baa1-4655-b242-c8319211dc23"
"BLHI",1516,44.33827849,-68.04598153,2023-09-01,2023,"10:01","10:13",5,"yes",22,0,0,12,"no",NA,NA,NA,NA,"Yes, but not uploaded","","","bc1033d4-ef5b-444d-bd5b-246e09c679c9"
"BLHI",1697,44.3394270500823,-68.0450281927191,2023-09-01,2023,"10:08","10:11",NA,"yes",19,0,0,0,"yes",7,0,2,6,"Yes, but not uploaded","Yes, but not uploaded","","9f77698f-f29c-46db-b88b-9d892f0c0f5f"
"BLHI",1696,44.3395861414266,-68.0450235498521,2023-09-01,2023,"10:13","10:18",NA,"yes",2,0,0,1,"yes",3,0,0,1,"Yes, but not uploaded","Yes, but not uploaded","","31f94535-4320-40db-8dc9-56da7a1248c0"
"BLHI",1734,44.3395916980013,-68.0448812484253,2023-09-01,2023,"10:19","10:21",NA,"yes",12,0,0,12,"yes",9,0,1,6,"Yes, but not uploaded","Yes, but not uploaded","Dead crowberry","8f4ef2be-6109-4f38-b22a-52b44b381817"
"BLHI",1515,44.3384041,-68.04594595,2023-09-01,2023,"10:21","10:22",5,"no",NA,NA,NA,NA,"no",NA,NA,NA,NA,"","","","ffe16fca-7433-4cda-9e90-4a152ea7cf44"
"BLHI",1733,44.3397204041637,-68.0448304529302,2023-09-01,2023,"10:23","10:27",NA,"yes",15,0,0,7,"yes",1,0,0,1,"Yes, but not uploaded","Yes, but not uploaded","","9026ae03-0f11-48d3-8116-785c8e814593"
"BLHI",1770,44.3398397674377,-68.0447072769661,2023-09-01,2023,"10:29","10:33",NA,"yes",14,0,0,3,"yes",5,0,0,1,"Yes, but not uploaded","Yes, but not uploaded","","4cb2b216-5002-47fc-aa71-0fe7c027d276"
"BLHI",1514,44.33853639,-68.04596041,2023-09-01,2023,"10:32","10:34",5,"no",NA,NA,NA,NA,"no",NA,NA,NA,NA,"","","","3049acc2-35fc-403e-a648-7d9c1f48198d"
"BLHI",1732,44.3398491907304,-68.0448876952087,2023-09-01,2023,"10:35","10:40",NA,"no",NA,NA,NA,NA,"yes",10,0,0,6,"","Yes, but not uploaded","","24122547-6ec8-46eb-b56c-36298ba284d8"
"BLHI",1514,44.3386584,-68.04616409,2023-09-01,2023,"10:42","10:46",5,"no",NA,NA,NA,NA,"no",NA,NA,NA,NA,"","","","1696c37f-f060-4e3e-8316-36c8d0d01bfb"
"BLHI",1803,44.3404805503628,-68.0445169237349,2023-09-01,2023,"10:59","11:06",NA,"yes",9,0,0,5,"no",NA,NA,NA,NA,"Yes, but not uploaded","","","b5b2f436-b6ed-4f7b-9e6d-1e07d9022849"
"BLHI",1060,44.33828138,-68.04812095,2023-09-01,2023,"11:01","11:08",5,"no",NA,NA,NA,NA,"yes",8,0,2,6,"","Yes, but not uploaded","","73cab04d-db6f-44c3-babb-1e3a4ec3823c"
"BLHI",1841,44.3404783314972,-68.0443754662803,2023-09-01,2023,"11:08","11:12",NA,"yes",14,0,0,7,"yes",13,0,0,5,"Yes, but not uploaded","Yes, but not uploaded","Cliff - partial inaccessibility","d427842b-a75e-428e-895c-1b815f89f22a"
"BLHI",1022,44.33827327,-68.04821427,2023-09-01,2023,"11:16","11:27",5,"no",NA,NA,NA,NA,"yes",25,0,0,2,"","Yes, but not uploaded","Flowering cinquefoil nearby. Moss on site","55daf14c-d983-41e3-af65-00f3f7048b1a"
"BLHI",1801,44.3407457866781,-68.0445227244857,2023-09-01,2023,"11:19","11:21",NA,"no",NA,NA,NA,NA,"no",NA,NA,NA,NA,"","","Steep - partially inaccessible","ec65570d-19fc-44f5-b4d1-0ef737e70f54"
"BLHI",1835,44.3412634904815,-68.0442852806376,2023-09-01,2023,"11:28","11:32",NA,"yes",23,0,0,21,"no",NA,NA,NA,NA,"Yes, but not uploaded","","Crowberry forest - partially inaccessable","e6606a6c-4d2d-4376-b205-21542f05eb11"
"BLHI",1023,44.33816093,-68.04826453,2023-09-01,2023,"11:32","11:40",5,"no",NA,NA,NA,NA,"yes",7,0,2,3,"","Yes, but not uploaded","","916e6029-72fb-41e3-a3ed-7c0cc720be0c"
"BLHI",1909,44.3415046006869,-68.0439671518181,2023-09-01,2023,"11:37","11:41",NA,"yes",25,0,0,25,"no",NA,NA,NA,NA,"Yes, but not uploaded","","","7b05445c-b3d9-4757-a83a-224c23dbc23f"
"BLHI",985,44.33816401,-68.04846532,2023-09-01,2023,"11:47","11:54",5,"no",NA,NA,NA,NA,"no",NA,NA,NA,NA,"","","","7f24e017-5e96-4f75-82e0-0455cfb0c531"
"BLHI",1906,44.3418816043085,-68.0439461785662,2023-09-01,2023,"12:32","12:36",NA,"yes",9,0,0,0,"yes",3,0,0,1,"Yes, but not uploaded","Yes, but not uploaded","","b0af40f8-c012-4da1-9885-dbe4f089f008"
"BLHI",947,44.33815617,-68.04864541,2023-09-01,2023,"12:38","12:43",5,"no",NA,NA,NA,NA,"no",NA,NA,NA,NA,"","","","88577ca0-b2a6-4022-8162-464cb7be0d4b"
"BLHI",1908,44.3416435324178,-68.0439590079483,2023-09-01,2023,"12:39","12:43",NA,"no",NA,NA,NA,NA,"yes",12,0,0,8,"","Yes, but not uploaded","","01be7af0-cf59-4949-80c0-b54b799961e8"
"BLHI",909,44.33815794,-68.0488157,2023-09-01,2023,"12:47","12:48",5,"no",NA,NA,NA,NA,"no",NA,NA,NA,NA,"","","","d660ded4-c3ff-4100-993f-4e5de6e7d507"
"BLHI",1945,44.3417468384954,-68.0437854049144,2023-09-01,2023,"12:49","12:52",NA,"yes",25,0,0,14,"yes",1,0,0,1,"Yes, but not uploaded","Yes, but not uploaded","","e93cc6aa-6d34-48e2-badc-433503d245b9"
"BLHI",1944,44.3419193164298,-68.0437943889713,2023-09-01,2023,"12:53","12:55",NA,"yes",17,0,0,14,"yes",5,0,0,2,"Yes, but not uploaded","Yes, but not uploaded","","30d9973b-2ac3-4303-a612-612387d5c0b9"
"BLHI",1020,44.33856173,-68.04824749,2023-09-01,2023,"12:57","13:04",5,"yes",11,0,0,10,"yes",6,0,0,3,"Yes, but not uploaded","Yes, but not uploaded","","71ae86f7-4143-4e97-b795-72c02ee4c72b"
"BLHI",1943,44.3419968893062,-68.0437633226989,2023-09-01,2023,"12:58","13:04",NA,"yes",11,0,0,10,"no",NA,NA,NA,NA,"Yes, but not uploaded","","","11591de7-23c4-495d-9365-dcf5f6cbb323"
"BLHI",1905,44.3420196325537,-68.0439795456741,2023-09-01,2023,"13:06","13:09",NA,"yes",25,0,0,25,"yes",4,0,0,1,"Yes, but not uploaded","Yes, but not uploaded","","d0eb39d6-dfcf-48c2-8bd6-165828aba0de"
"BLHI",1019,44.33867724,-68.04827317,2023-09-01,2023,"13:09","13:16",5,"yes",10,0,0,8,"yes",5,0,0,1,"Yes, but not uploaded","Yes, but not uploaded","","ded2b710-06d3-4488-8d4b-56529f1d7410"
"BLHI",1904,44.3421323952989,-68.0440017701699,2023-09-01,2023,"13:13","13:16",NA,"yes",25,0,0,24,"no",NA,NA,NA,NA,"Yes, but not uploaded","","Partially inaccessible ","cdda5952-3b01-403c-8948-ae039d78f91f"
"BLHI",1057,44.33868509,-68.04811345,2023-09-01,2023,"13:25","13:29",5,"yes",8,0,0,7,"yes",10,0,0,3,"Yes, but not uploaded","Yes, but not uploaded","","97c09f31-1b1f-46dd-bc40-009f42798608"
"BLHI",1530,44.3413933455901,-68.0457569721524,2023-09-01,2023,"13:36","13:37",NA,"no",NA,NA,NA,NA,"no",NA,NA,NA,NA,"","",":(","1b6763c9-8d0f-40e8-ad1a-72ff93b56566"
"BLHI",1568,44.3413662974223,-68.045631855458,2023-09-01,2023,"13:37","13:45",NA,"yes",23,0,0,12,"yes",15,0,0,6,"Yes, but not uploaded","Yes, but not uploaded","156B on map","f7cf2b81-b06d-449b-ada2-6a3ed2fccf15"
"BLHI",1096,44.33854475,-68.04792423,2023-09-01,2023,"13:49","13:52",5,"no",NA,NA,NA,NA,"yes",15,0,0,4,"","Yes, but not uploaded","","cc7bc791-4603-4114-8f76-e6939e0b0fcd"
"BLHI",1606,44.3413977082495,-68.0454683793791,2023-09-01,2023,"13:51","13:54",NA,"no",NA,NA,NA,NA,"no",NA,NA,NA,NA,"","","Partially inaccessible - Magellans peat moss","922bf690-ef00-434b-9731-db159713e058"
"BLHI",1095,44.33868185,-68.04792393,2023-09-01,2023,"14:03","14:07",5,"yes",5,0,0,5,"yes",14,0,0,3,"Yes, but not uploaded","Yes, but not uploaded","","29d8af22-85a5-466c-809c-f68a7443009e"
"BMIS",2116,44.3343096202276,-68.0646450247558,2023-06-29,2023,"09:18","10:29",NA,"no",NA,NA,NA,NA,"no",NA,NA,NA,NA,"","","","ac59bdc7-96bd-4d47-ad00-72ffd480f4d6"
"BMIS",3797,44.33334908,-68.06142805,2023-06-29,2023,"10:03","10:13",NA,"yes",20,3,0,7,"yes",7,1,1,0,"Yes, but not uploaded","Yes, but not uploaded","","408e6f53-f4a4-4568-bf8c-c62d091226c5"
"BMIS",4360,44.33276534,-68.06033875,2023-06-29,2023,"10:12","10:20",NA,"yes",13,0,0,10,"yes",10,2,1,0,"Yes, but not uploaded","Yes, but not uploaded","","e2ad20c1-1696-42ae-9ad6-f2c27b51092d"
"BMIS",3796,44.33351016,-68.0614295,2023-06-29,2023,"10:20","10:42",NA,"yes",25,0,0,25,"no",NA,NA,NA,NA,"Yes, but not uploaded","","Dirty undies at center of square. Yuck!","9afc0bb1-d01c-4d99-a910-8d624dae66b5"
"BMIS",4453,44.33276992,-68.06018672,2023-06-29,2023,"10:24","10:34",NA,"yes",25,0,2,7,"no",NA,NA,NA,NA,"Yes, but not uploaded","","","d15919f5-f329-4a9b-8e91-905fb20a4a7a"
"BMIS",2209,44.3343029359007,-68.0644300506286,2023-06-29,2023,"10:29","10:45",NA,"yes",22,0,2,10,"no",NA,NA,NA,NA,"Yes, but not uploaded","","","f2a0dabf-caf2-4813-ac13-3fb7465ee50e"
"BMIS",4546,44.3327594,-68.05998085,2023-06-29,2023,"10:36","10:47",NA,"yes",25,0,0,18,"no",NA,NA,NA,NA,"Yes, but not uploaded","","","b1a81de2-72c9-4351-837d-93dfbed81218"
"BMIS",3795,44.33363531,-68.06142505,2023-06-29,2023,"10:45","10:53",NA,"yes",25,0,4,21,"yes",10,0,0,0,"Yes, but not uploaded","Yes, but not uploaded","","f89cc2a5-e94e-4247-adbb-9c6bb659b1e5"
"BMIS",2210,44.334186789338,-68.0644673589763,2023-06-29,2023,"10:46","10:50",NA,"no",NA,NA,NA,NA,"no",NA,NA,NA,NA,"","","","225c7247-debc-4a8e-9102-13c67bc944ee"
"BMIS",4639,44.33274729,-68.05983157,2023-06-29,2023,"10:50","11:00",NA,"yes",25,0,0,20,"yes",10,2,0,2,"Yes, but not uploaded","Yes, but not uploaded","","40d4fb21-3bc2-470f-886f-9e75b61193a5"
"BMIS",2302,44.3342914947657,-68.0643363944913,2023-06-29,2023,"10:51","11:03",NA,"no",NA,NA,NA,NA,"no",NA,NA,NA,NA,"","","","85f6b623-a1f3-40de-b88e-d084e93d14d8"
"BMIS",1552,44.33510575,-68.06576065,2023-06-29,2023,"10:52","11:05",NA,"yes",12,0,3,12,"no",NA,NA,NA,NA,"Yes, but not uploaded","","Open rock



","c8b67a31-5476-4b58-887e-5bf6e641f760"
"BMIS",3794,44.33371794,-68.06142078,2023-06-29,2023,"10:57","10:59",NA,"no",NA,NA,NA,NA,"no",NA,NA,NA,NA,"","","Plot is under tree canopy","9595230c-f65c-4c65-88af-a62a2ab4266a"
"BMIS",4640,44.33263411,-68.05980413,2023-06-29,2023,"11:02","11:11",NA,"yes",25,0,0,22,"no",NA,NA,NA,NA,"Yes, but not uploaded","","","c86daab5-aabd-468b-9926-6d19a593ebe3"
"BMIS",3703,44.33351106,-68.06160851,2023-06-29,2023,"11:03","11:13",NA,"yes",24,0,0,24,"yes",10,5,0,0,"Yes, but not uploaded","Yes, but not uploaded","","092c5d69-5602-48d8-9964-fcad371bce3c"
"BMIS",2303,44.3341721637635,-68.0642827748653,2023-06-29,2023,"11:04","11:10",NA,"no",NA,NA,NA,NA,"no",NA,NA,NA,NA,"","","","fd90f6d8-0119-4fff-a19f-f588336ad0e6"
"BMIS",1551,44.3351936,-68.06571895,2023-06-29,2023,"11:09","11:15",NA,"yes",11,0,4,2,"no",NA,NA,NA,NA,"Yes, but not uploaded","","","b03cc719-c0c0-4929-a278-f0eef824f076"
"BMIS",4547,44.33261625,-68.06000942,2023-06-29,2023,"11:16","11:23",NA,"yes",25,0,5,5,"yes",8,1,0,4,"Yes, but not uploaded","Yes, but not uploaded","","ab98c703-fd6e-47db-82c8-b10b812eb9cb"
"BMIS",1645,44.33507767,-68.06555731,2023-06-29,2023,"11:18","11:24",NA,"yes",25,0,4,25,"no",NA,NA,NA,NA,"Yes, but not uploaded","","","ac93db73-8cfb-45c5-8707-48f892a57d2a"
"BMIS",3702,44.33364243,-68.06159688,2023-06-29,2023,"11:21","11:26",NA,"yes",25,0,0,23,"no",NA,NA,NA,NA,"Yes, but not uploaded","","","1199f4ea-aab4-49bf-9ac5-a56290aaea04"
"BMIS",4454,44.33263251,-68.06017142,2023-06-29,2023,"11:23","11:32",NA,"yes",11,0,0,6,"yes",24,12,12,5,"Yes, but not uploaded","Yes, but not uploaded","","ce77a5ba-e06a-408c-80e5-11c56b7b9b7e"
"BMIS",2304,44.3340410370194,-68.0642552589833,2023-06-29,2023,"11:26","11:33",NA,"no",NA,NA,NA,NA,"no",NA,NA,NA,NA,"","","","d9212045-4471-4060-ae9b-13ce00bbd9b0"
"BMIS",1646,44.33494909,-68.06552855,2023-06-29,2023,"11:26","11:29",NA,"no",NA,NA,NA,NA,"no",NA,NA,NA,NA,"","","","d80d7bba-8903-4836-a998-090b7828a2d8"
"BMIS",3701,44.33378707,-68.06164773,2023-06-29,2023,"11:29","11:33",NA,"yes",8,0,0,8,"no",NA,NA,NA,NA,"Yes, but not uploaded","","","4729ad16-b2ce-46ea-b873-50d57f0c8ca2"
"BMIS",2397,44.3340564445508,-68.0641213909044,2023-06-29,2023,"11:33","11:38",NA,"no",NA,NA,NA,NA,"no",NA,NA,NA,NA,"","","","1c354ed5-d097-4dc3-8d31-ee316dbe2777"
"BMIS",1645,44.33506624,-68.06556284,2023-06-29,2023,"11:34","11:43",NA,"yes",25,0,1,25,"no",NA,NA,NA,NA,"Yes, but not uploaded","","Garter snake","f3f4c685-9dfd-4267-8f2f-49d5b54af841"
"BMIS",4361,44.33263727,-68.06035146,2023-06-29,2023,"11:36","11:41",NA,"yes",25,0,0,23,"yes",2,0,0,2,"Yes, but not uploaded","Yes, but not uploaded","","f89cec0c-9de0-41ac-872c-c7392d6ea27d"
"BMIS",3608,44.33378495,-68.06174227,2023-06-29,2023,"11:38","11:42",NA,"yes",10,0,0,7,"yes",1,0,0,0,"Yes, but not uploaded","Yes, but not uploaded","","3e9f8efd-1b55-4ad9-b59c-31d5f11fb059"
"BMIS",1739,44.33495504,-68.06537924,2023-06-29,2023,"11:44","12:01",NA,"yes",17,0,4,17,"yes",13,2,0,0,"Yes, but not uploaded","Yes, but not uploaded","Unknown colubrid snake was seen","6053462c-7b67-4d94-a6f2-9fbba921efa6"
"BMIS",2396,44.3341759611026,-68.0640748937678,2023-06-29,2023,"11:45","11:48",NA,"yes",18,0,0,12,"no",NA,NA,NA,NA,"Yes, but not uploaded","","","9824c887-a904-4ab5-8fcf-f9f7a552b070"
"BMIS",4268,44.33263515,-68.06052848,2023-06-29,2023,"11:48","11:55",NA,"yes",9,0,0,4,"no",NA,NA,NA,NA,"No","","","df39a340-0e63-4df6-9040-0803ac37c4c6"
"BMIS",3609,44.33364388,-68.06177491,2023-06-29,2023,"11:49","11:52",NA,"yes",5,0,0,5,"yes",2,0,0,0,"Yes, but not uploaded","Yes, but not uploaded","","10c7cfc5-b1ec-4b9c-8425-3fe821778198"
"BMIS",4269,44.33250504,-68.06056073,2023-06-29,2023,"11:59","12:03",NA,"yes",25,0,0,23,"no",NA,NA,NA,NA,"Yes, but not uploaded","","Mostly rock","6909930b-a5d6-4df8-9fd2-1838a1313413"
"BMIS",3516,44.33365709,-68.06195969,2023-06-29,2023,"12:22","12:26",NA,"yes",24,0,0,20,"yes",13,0,0,0,"Yes, but not uploaded","Yes, but not uploaded","","7f9d59a0-dd10-4415-81ad-0dd628e8c001"
"BMIS",3515,44.33376225,-68.06194554,2023-06-29,2023,"12:27","12:34",NA,"yes",7,0,0,3,"yes",5,0,0,0,"Yes, but not uploaded","Yes, but not uploaded","","27bc231f-5c5d-458d-a776-b8639ef629c7"
"BMIS",2489,44.3341657160605,-68.0640071643219,2023-06-29,2023,"12:34","12:35",NA,"yes",25,0,3,23,"no",NA,NA,NA,NA,"Yes, but not uploaded","","","cc8c08e1-e605-4e01-8790-74ec04b3ee03"
"BMIS",1834,44.33469706,-68.06519523,2023-06-29,2023,"12:38","12:54",NA,"yes",24,0,5,24,"yes",23,11,0,2,"Yes, but not uploaded","Yes, but not uploaded","Counting buds as flowers henceforth","5cb2a452-fdcb-4208-ae25-c8de34240e3c"
"BMIS",3517,44.33349692,-68.06198151,2023-06-29,2023,"12:39","12:43",NA,"yes",4,0,0,3,"no",NA,NA,NA,NA,"Yes, but not uploaded","","","6806902c-d2e8-4651-a1a0-dfff7b6d4e65"
"BMIS",2490,44.334025675009,-68.0639506628468,2023-06-29,2023,"12:40","12:45",NA,"yes",21,0,0,9,"no",NA,NA,NA,NA,"Yes, but not uploaded","","","881cd96b-5c93-42f0-b07f-59d1854d24b0"
"BMIS",3518,44.33339394,-68.06194064,2023-06-29,2023,"12:45","12:49",NA,"yes",22,0,0,22,"yes",11,8,5,0,"Yes, but not uploaded","Yes, but not uploaded","","7c63e06a-bdb9-47e8-ade0-bd42d76178dc"
"BMIS",2491,44.3339258661267,-68.0639292591125,2023-06-29,2023,"12:48","12:51",NA,"no",NA,NA,NA,NA,"no",NA,NA,NA,NA,"","","","89d3ee6b-09dc-441b-a5d8-db4a95bbe512"
"BMIS",3426,44.33328579,-68.06211252,2023-06-29,2023,"12:51","12:56",NA,"yes",13,0,1,13,"yes",10,0,0,0,"Yes, but not uploaded","Yes, but not uploaded","","d1cee1c9-437f-4952-8c6d-2cdd4ea482b0"
"BMIS",4921,44.33236864,-68.05926284,2023-06-29,2023,"12:53","13:01",NA,"yes",25,0,0,9,"no",NA,NA,NA,NA,"Yes, but not uploaded","","","11295012-81ab-4162-bfcb-eb95f17085ce"
"BMIS",2583,44.3340636606527,-68.0637436162866,2023-06-29,2023,"12:54","13:00",NA,"yes",23,0,0,15,"no",NA,NA,NA,NA,"Yes, but not uploaded","","","c41bd7b4-1081-4470-b3da-9a9adb6cd0ad"
"BMIS",1833,44.33482283,-68.06521738,2023-06-29,2023,"12:59","13:03",NA,"yes",25,0,11,25,"yes",6,0,0,0,"Yes, but not uploaded","Yes, but not uploaded","","c2c0fa40-2d54-42aa-ac58-5ed40a700a1e"
"BMIS",3427,44.33315624,-68.06214806,2023-06-29,2023,"13:02","13:07",NA,"yes",25,0,8,5,"yes",15,5,0,0,"Yes, but not uploaded","Yes, but not uploaded","","ae0e1f4e-8287-4c52-8de7-f39495e2b460"
"BMIS",4828,44.33238337,-68.05946721,2023-06-29,2023,"13:04","13:07",NA,"no",NA,NA,NA,NA,"no",NA,NA,NA,NA,"","","A lot of big rocks","d165ec2c-ee35-44da-a946-0cb474a2e95e"
"BMIS",2584,44.3338999649086,-68.0637460508204,2023-06-29,2023,"13:06","13:12",NA,"yes",4,0,0,2,"no",NA,NA,NA,NA,"Yes, but not uploaded","","","3b2644dc-6584-4d9f-af3d-dfc7b452bf4f"
"BMIS",1928,44.33456865,-68.06501701,2023-06-29,2023,"13:06","13:15",NA,"yes",21,0,1,21,"yes",11,5,0,0,"Yes, but not uploaded","Yes, but not uploaded","","2a82742d-5811-4b44-b770-96de8073a6d0"
"BMIS",4735,44.33238243,-68.05963271,2023-06-29,2023,"13:08","13:12",NA,"no",NA,NA,NA,NA,"no",NA,NA,NA,NA,"","","","bdcd2ffa-d41a-43e4-a5b2-e3c1e5b516af"
"BMIS",4641,44.33249557,-68.05980934,2023-06-29,2023,"13:15","13:21",NA,"yes",25,0,0,8,"yes",5,1,0,0,"Yes, but not uploaded","Yes, but not uploaded","","5d50bde9-1c31-4538-a767-707ba1cb5111"
"BMIS",2588,44.3337788700567,-68.0637484459362,2023-06-29,2023,"13:16","13:21",NA,"no",NA,NA,NA,NA,"no",NA,NA,NA,NA,"","","","b34e5104-6256-4efb-88ec-82a602db46a8"
"BMIS",3611,44.33337893,-68.06177585,2023-06-29,2023,"13:18","13:22",NA,"yes",25,0,0,25,"yes",8,0,0,0,"Yes, but not uploaded","Yes, but not uploaded","","600380b8-8b4c-4f44-a995-b4e3a9703690"
"BMIS",1927,44.33468663,-68.06500416,2023-06-29,2023,"13:20","13:36",NA,"yes",16,0,0,15,"yes",11,0,0,0,"Yes, but not uploaded","No","","64d0a242-8d0c-4710-8d9b-f8835e088c05"
"BMIS",4548,44.33250308,-68.05999329,2023-06-29,2023,"13:22","13:29",NA,"yes",21,0,0,19,"yes",21,12,12,1,"Yes, but not uploaded","Yes, but not uploaded","","f3a1b92b-94fd-412e-88d3-7db6df88b387"
"BMIS",3610,44.33354715,-68.0617472,2023-06-29,2023,"13:24","13:27",NA,"yes",19,0,0,19,"yes",4,2,0,0,"Yes, but not uploaded","Yes, but not uploaded","","c1d1f53e-0298-495f-b48f-bee67ea89e45"
"BMIS",2586,44.3336725179112,-68.0637891493707,2023-06-29,2023,"13:25","13:27",NA,"no",NA,NA,NA,NA,"no",NA,NA,NA,NA,"","","","b5d1c67a-8008-4803-b30a-25932a6faf62"
"BMIS",4455,44.33251025,-68.06016641,2023-06-29,2023,"13:30","13:36",NA,"yes",25,0,0,24,"yes",5,0,0,1,"Yes, but not uploaded","Yes, but not uploaded","","456340d0-8726-4cae-87bc-df0c35a9a43f"
"BMIS",4362,44.33250515,-68.06035801,2023-06-29,2023,"13:38","13:41",NA,"no",NA,NA,NA,NA,"no",NA,NA,NA,NA,"","","Almost solid rock","df7e0c5c-0adf-4c3f-9c49-f90475726142"
"BMIS",2022,44.33442886,-68.06483083,2023-06-29,2023,"13:39","13:46",NA,"yes",7,0,0,7,"no",NA,NA,NA,NA,"Yes, but not uploaded","","","94fde1dc-5811-44ad-ba11-1083a48631f7"
"BMIS",4176,44.33251157,-68.06069524,2023-06-29,2023,"13:44","13:46",NA,"yes",6,0,0,6,"no",NA,NA,NA,NA,"Yes, but not uploaded","","","aa0b7fb2-04ea-4546-a712-aac0264d2e6a"
"CABA",182,44.38155618,-68.2318502,2023-06-30,2023,"10:32","10:39",NA,"no",NA,NA,NA,NA,"yes",3,0,0,0,"","Yes, but not uploaded","","c7f9b8f1-6d29-447d-9fa6-eadb1f60ed35"
"CABA",181,44.3817412119892,-68.231905122886,2023-06-30,2023,"10:33","10:36",NA,"no",NA,NA,NA,NA,"no",NA,NA,NA,NA,"","","","bba563cb-02f5-45d1-8085-f495e5b2efec"
"CABA",169,44.38318494,-68.2318269,2023-06-30,2023,"10:39","10:48",NA,"no",NA,NA,NA,NA,"yes",7,0,0,0,"","Yes, but not uploaded","","b6bcdd83-9257-43d0-b1e2-a161ac220fc0"
"CABA",180,44.3818383255668,-68.2318600943119,2023-06-30,2023,"10:41","10:44",NA,"no",NA,NA,NA,NA,"no",NA,NA,NA,NA,"","","","f3ede89d-582c-46b1-9ec3-c9e793c3fcb1"
"CABA",158,44.38155578,-68.23202442,2023-06-30,2023,"10:42","10:53",NA,"no",NA,NA,NA,NA,"yes",14,7,0,0,"","Yes, but not uploaded","","90b0e6ef-a2f3-4755-a54a-4e123066033e"
"CABA",179,44.3819528627403,-68.2318626873303,2023-06-30,2023,"10:49","10:52",NA,"no",NA,NA,NA,NA,"no",NA,NA,NA,NA,"","","","c00eaecf-1662-4116-92e5-475767df21d7"
"CABA",170,44.38313478,-68.23183109,2023-06-30,2023,"10:50","10:54",NA,"no",NA,NA,NA,NA,"no",NA,NA,NA,NA,"","","","a6381a8f-f454-4d6b-94d0-d7c19e24fc8d"
"CABA",28,44.38287242,-68.23295526,2023-06-30,2023,"10:50","10:51",NA,"no",NA,NA,NA,NA,"no",NA,NA,NA,NA,"","","","373a5c3d-cb1c-4660-bac9-f93ed4c11a0d"
"CABA",178,44.3820844462091,-68.2318454600539,2023-06-30,2023,"10:53","10:58",NA,"no",NA,NA,NA,NA,"no",NA,NA,NA,NA,"","","","f7e68cd4-2794-4f95-9227-ddf7d64f77e9"
"CABA",171,44.38298211,-68.23184953,2023-06-30,2023,"10:56","11:00",NA,"no",NA,NA,NA,NA,"no",NA,NA,NA,NA,"","","","b039abdc-cd12-482f-a4c8-79fc7c56f3c0"
"CABA",134,44.38154842,-68.23217983,2023-06-30,2023,"10:57","11:04",NA,"no",NA,NA,NA,NA,"no",NA,NA,NA,NA,"","","","9748df31-6da9-47b6-b944-b065ab2fd1ab"
"CABA",154,44.3820899003994,-68.2320242052505,2023-06-30,2023,"10:58","11:07",NA,"no",NA,NA,NA,NA,"yes",4,1,1,0,"","Yes, but not uploaded","","b9616ea8-1e0c-47d1-bdb5-f131133089e6"
"CABA",172,44.38286672,-68.23183504,2023-06-30,2023,"11:01","11:07",NA,"no",NA,NA,NA,NA,"no",NA,NA,NA,NA,"","","","7c6f0208-7f15-4db6-b197-75c9ccd51354"
"CABA",51,44.38300207,-68.23273286,2023-06-30,2023,"11:02","11:07",NA,"no",NA,NA,NA,NA,"yes",10,1,0,0,"","Yes, but not uploaded","It was on a slighty uneven surface - cinqufoil
","8dcb74bd-0507-46b0-904d-188aae3b6596"
"CABA",110,44.38157638,-68.23238085,2023-06-30,2023,"11:07","11:15",NA,"no",NA,NA,NA,NA,"no",NA,NA,NA,NA,"","","","89bb0975-dda5-4a62-91af-d01ff8534549"
"CABA",52,44.38287584,-68.23275761,2023-06-30,2023,"11:07","11:14",NA,"no",NA,NA,NA,NA,"no",NA,NA,NA,NA,"","","","3b80c061-de2d-4135-b8c1-3c49c5561e70"
"CABA",173,44.38272791,-68.23184158,2023-06-30,2023,"11:09","11:18",NA,"no",NA,NA,NA,NA,"no",NA,NA,NA,NA,"","","","01364e84-7ee6-46ee-8c19-a73585ad7f81"
"CABA",155,44.3819588754982,-68.2320167324109,2023-06-30,2023,"11:10","11:13",NA,"no",NA,NA,NA,NA,"yes",8,0,0,1,"","Yes, but not uploaded","","476b0dc7-632a-4c8c-b955-82614ab27a8b"
"CABA",53,44.38272188,-68.2327697,2023-06-30,2023,"11:15","11:22",NA,"no",NA,NA,NA,NA,"no",NA,NA,NA,NA,"","","","396e16c3-b554-447f-86e3-efc18b6e84d0"
"CABA",111,44.38143813,-68.23240218,2023-06-30,2023,"11:18","11:23",NA,"no",NA,NA,NA,NA,"yes",3,0,0,0,"","Yes, but not uploaded","","792d48ff-8c46-4060-a1d2-a39c7c743e19"
"CABA",149,44.38275981,-68.23200293,2023-06-30,2023,"11:20","11:31",NA,"no",NA,NA,NA,NA,"yes",22,14,0,0,"","Yes, but not uploaded","Including buds as flowers","64af85f3-cc5f-47a8-8da0-344be58905c1"
"CABA",135,44.38141821,-68.23220486,2023-06-30,2023,"11:24","11:28",NA,"no",NA,NA,NA,NA,"yes",9,2,0,0,"","Yes, but not uploaded","","7dbc240d-07d7-4bc7-ae4c-f18dea5bd23d"
"CABA",159,44.38145683,-68.23203471,2023-06-30,2023,"11:31","11:35",NA,"no",NA,NA,NA,NA,"yes",17,3,0,0,"","Yes, but not uploaded","","05adeb22-4795-452e-a85e-c19b9ccf2652"
"CABA",156,44.3818222110818,-68.2320484534618,2023-06-30,2023,"11:34","11:38",NA,"no",NA,NA,NA,NA,"no",NA,NA,NA,NA,"","","","eaab0a21-da65-41a1-843d-6cb77f308d30"
"CABA",148,44.382841,-68.23203123,2023-06-30,2023,"11:34","11:38",NA,"no",NA,NA,NA,NA,"yes",16,0,0,1,"","Yes, but not uploaded","","a4274e5b-857e-44d0-8bad-21157e14e8dc"
"CABA",183,44.38144495,-68.23187097,2023-06-30,2023,"11:36","11:39",NA,"no",NA,NA,NA,NA,"yes",21,7,0,5,"","Yes, but not uploaded","","abd3f069-043e-491c-8e9a-fab7bc7fff4e"
"CABA",54,44.38258359,-68.23250413,2023-06-30,2023,"11:36","11:37",NA,"no",NA,NA,NA,NA,"no",NA,NA,NA,NA,"","","","d0ccc08a-b107-459c-890f-a911e43c3762"
"CABA",157,44.3817041125356,-68.2320347131716,2023-06-30,2023,"11:41","11:45",NA,"no",NA,NA,NA,NA,"no",NA,NA,NA,NA,"","","","c7809a8e-2ae7-4a64-86ac-15bb157b6eef"
"CABA",78,44.38259195,-68.23253422,2023-06-30,2023,"11:41","11:42",NA,"no",NA,NA,NA,NA,"no",NA,NA,NA,NA,"","","","2e39446d-7c13-43b2-a5aa-99c430676391"
"CABA",147,44.38298994,-68.23201691,2023-06-30,2023,"11:42","11:55",NA,"no",NA,NA,NA,NA,"yes",8,0,0,0,"","Yes, but not uploaded","","1e793977-aa1d-4bb0-bdbb-7f18e6dc52d4"
"CABA",184,44.38131783,-68.23184331,2023-06-30,2023,"11:43","11:44",NA,"no",NA,NA,NA,NA,"no",NA,NA,NA,NA,"","","","fb4de52b-c060-444c-8e7a-a74fec13d1fd"
"CABA",160,44.38131273,-68.2320441,2023-06-30,2023,"11:46","11:53",NA,"no",NA,NA,NA,NA,"yes",4,0,0,1,"","Yes, but not uploaded","","a16d230b-3ce5-496f-aadb-8199db66ff9a"
"CABA",133,44.3816964299757,-68.2322231767679,2023-06-30,2023,"11:47","11:51",NA,"no",NA,NA,NA,NA,"no",NA,NA,NA,NA,"","","","3e39ff7a-5f8a-4698-8598-3f3183ae75a7"
"CABA",132,44.3818259103124,-68.2322292594177,2023-06-30,2023,"11:53","11:57",NA,"no",NA,NA,NA,NA,"no",NA,NA,NA,NA,"","","","f69db700-77b1-4359-8964-c25091a3aa20"
"CABA",146,44.38311725,-68.23201746,2023-06-30,2023,"11:56","12:00",NA,"no",NA,NA,NA,NA,"no",NA,NA,NA,NA,"","","","197e3f9c-39e3-48e2-87ee-c9fa9ad6b080"
"CABA",79,44.38248303,-68.23257152,2023-06-30,2023,"11:59","12:00",NA,"no",NA,NA,NA,NA,"no",NA,NA,NA,NA,"","","","6becc74d-75ea-4eea-813f-127f03a16c6c"
"CABA",103,44.38248394,-68.23239441,2023-06-30,2023,"12:04","12:05",NA,"no",NA,NA,NA,NA,"no",NA,NA,NA,NA,"","","","ea22765f-1ecc-4fdb-a6bd-9419cda392bb"
"CABA",102,44.38262298,-68.23238272,2023-06-30,2023,"12:08","12:13",NA,"no",NA,NA,NA,NA,"yes",13,7,0,0,"","Yes, but not uploaded","","5cb89039-4393-4312-853c-d4fedba74d5c"
"CABA",101,44.38272105,-68.23238544,2023-06-30,2023,"12:18","12:19",NA,"no",NA,NA,NA,NA,"no",NA,NA,NA,NA,"","","","e41bd305-663e-4455-a65f-1b904a58745e"
"CABA",77,44.38258101,-68.2324878,2023-06-30,2023,"12:23","12:24",NA,"no",NA,NA,NA,NA,"no",NA,NA,NA,NA,"","","","be062750-b2d3-43e1-9ddf-fb8ed73c47d3"
"CABA",136,44.38130556,-68.23221901,2023-06-30,2023,"12:33","12:37",NA,"no",NA,NA,NA,NA,"no",NA,NA,NA,NA,"","","","2d800488-0f74-4d5a-9f97-2254bb42962c"
"CABA",109,44.3817016228477,-68.2323840723665,2023-06-30,2023,"12:37","12:40",NA,"no",NA,NA,NA,NA,"no",NA,NA,NA,NA,"","","","df06e829-af98-42dd-b82d-e30715028f15"
"CABA",112,44.38131306,-68.2324137,2023-06-30,2023,"12:39","12:43",NA,"no",NA,NA,NA,NA,"no",NA,NA,NA,NA,"","","","1dcdaa32-8cea-492a-8046-62931f995944"
"CABA",108,44.3818315251768,-68.2323801467673,2023-06-30,2023,"12:42","12:44",NA,"no",NA,NA,NA,NA,"no",NA,NA,NA,NA,"","","","56268429-fb1b-4bff-ba5e-65fdf0b0ed37"
"CABA",122,44.38309454,-68.23219905,2023-06-30,2023,"12:44","12:48",NA,"no",NA,NA,NA,NA,"no",NA,NA,NA,NA,"","","","b902cdf3-edc1-4e3e-9243-503bdf2b4791"
"CABA",137,44.38119425,-68.23219182,2023-06-30,2023,"12:45","12:49",NA,"no",NA,NA,NA,NA,"yes",3,0,0,0,"","Yes, but not uploaded","","6beaba2a-6d2d-4a3b-9e14-d83499e260c2"
"CABA",76,44.3828638,-68.23259697,2023-06-30,2023,"12:45","12:46",NA,"no",NA,NA,NA,NA,"no",NA,NA,NA,NA,"","","","e6e28381-aa77-45e6-a923-e1aa4e26202e"
"CABA",107,44.3819533802922,-68.2323947757668,2023-06-30,2023,"12:46","12:50",NA,"no",NA,NA,NA,NA,"yes",9,0,0,1,"","Yes, but not uploaded","","61476d14-9875-4035-9c0d-02bc1d597a57"
"CABA",123,44.38298992,-68.23221241,2023-06-30,2023,"12:50","12:53",NA,"no",NA,NA,NA,NA,"no",NA,NA,NA,NA,"","","","174d724a-bfc1-460c-ab7e-7b4d0b0e110b"
"CABA",75,44.38299765,-68.23255042,2023-06-30,2023,"12:51","12:53",NA,"no",NA,NA,NA,NA,"yes",13,1,0,2,"","Yes, but not uploaded","","0a7e6105-8843-43bc-aaba-b72d95aae1ae"
"CABA",161,44.38115834,-68.23200914,2023-06-30,2023,"12:52","12:55",NA,"no",NA,NA,NA,NA,"no",NA,NA,NA,NA,"","","","93e42d74-e9f5-40cb-8dde-8f19a74c2115"
"CABA",131,44.3819664088517,-68.2322014094127,2023-06-30,2023,"12:53","12:56",NA,"no",NA,NA,NA,NA,"no",NA,NA,NA,NA,"","","","e06a7caf-3538-47f2-9b78-4bc30ab5d2e8"
"CABA",124,44.38285607,-68.23220841,2023-06-30,2023,"12:55","12:58",NA,"no",NA,NA,NA,NA,"no",NA,NA,NA,NA,"","","","ef856a67-18bb-4b7d-88b6-6f34e196704c"
"CABA",185,44.38117949,-68.2318618,2023-06-30,2023,"12:57","13:00",NA,"no",NA,NA,NA,NA,"yes",4,1,0,0,"","Yes, but not uploaded","","29cfd308-1fc4-4c05-94c0-cff69e61648a"
"CABA",74,44.3831307,-68.23263969,2023-06-30,2023,"12:59","13:00",NA,"no",NA,NA,NA,NA,"no",NA,NA,NA,NA,"","","","cb5a2980-45c6-4fb6-8056-9293404dea2c"
"CABA",130,44.3820916032062,-68.2322119676066,2023-06-30,2023,"13:00","13:02",NA,"no",NA,NA,NA,NA,"no",NA,NA,NA,NA,"","","","39f017f8-44c3-4d01-802d-ba8749887ca6"
"CABA",125,44.38271357,-68.23218025,2023-06-30,2023,"13:00","13:02",NA,"no",NA,NA,NA,NA,"no",NA,NA,NA,NA,"","","","d7924ab6-d08d-4ac0-bd79-7ebd4c2bf028"
"CABA",99,44.3829401,-68.23245479,2023-06-30,2023,"13:05","13:06",NA,"no",NA,NA,NA,NA,"no",NA,NA,NA,NA,"","","","5cb10357-ad1f-4aec-9c0e-8a682ca1b0b5"
"CABA",126,44.38260726,-68.23220306,2023-06-30,2023,"13:06","13:10",NA,"no",NA,NA,NA,NA,"yes",11,0,0,0,"","Yes, but not uploaded","","415bf226-2dd5-4883-bd63-37d05639519d"
"CABA",230,44.381592257096,-68.231509202471,2023-06-30,2023,"13:07","13:12",NA,"no",NA,NA,NA,NA,"yes",12,0,0,0,"","Yes, but not uploaded","","f89ebeca-70d8-443e-a6db-46dd680e54ec"
"CABA",231,44.381446,-68.23148069,2023-06-30,2023,"13:10","13:14",NA,"no",NA,NA,NA,NA,"yes",9,0,0,0,"","Yes, but not uploaded","","17e8a490-4e88-4ca6-ac0e-3c0639e0ee65"
"CABA",229,44.3816946622438,-68.2314896086869,2023-06-30,2023,"13:13","13:18",NA,"no",NA,NA,NA,NA,"yes",10,0,0,0,"","Yes, but not uploaded","","18b1c965-debe-4400-a5f2-dfdfff861296"
"CABA",127,44.38246349,-68.23221741,2023-06-30,2023,"13:14","13:16",NA,"no",NA,NA,NA,NA,"no",NA,NA,NA,NA,"","","","6133f658-3854-43e5-8a07-e2bd09519bfd"
"CABA",255,44.3814325,-68.23132263,2023-06-30,2023,"13:16","13:20",NA,"no",NA,NA,NA,NA,"yes",4,0,0,0,"","Yes, but not uploaded","","4cb923c5-5853-4974-80f8-595b7951e3b1"
"CABA",228,44.3818377584109,-68.2314879496567,2023-06-30,2023,"13:20","13:23",NA,"no",NA,NA,NA,NA,"yes",5,0,0,0,"","Yes, but not uploaded","","e5d5f7cc-fd65-4a9c-8d78-77300b7bd8ea"
"CABA",256,44.38130234,-68.23130438,2023-06-30,2023,"13:22","13:24",NA,"no",NA,NA,NA,NA,"yes",11,1,0,2,"","Yes, but not uploaded","","03f03179-5740-438d-9b23-e150e0794523"
"CABA",257,44.38116394,-68.23129932,2023-06-30,2023,"13:26","13:29",NA,"no",NA,NA,NA,NA,"yes",15,0,0,0,"","Yes, but not uploaded","","561e73d5-1188-45d4-9a17-c07aa89617ee"
"CABA",227,44.3819628364171,-68.2314548474171,2023-06-30,2023,"13:27","13:30",NA,"no",NA,NA,NA,NA,"no",NA,NA,NA,NA,"","","","82567d13-f048-42b3-a8b9-7b3ee9468a33"
"CABA",236,44.38118597,-68.23148356,2023-06-30,2023,"13:30","13:34",NA,"no",NA,NA,NA,NA,"yes",19,3,0,2,"","Yes, but not uploaded","","daa94b93-b8cf-4a92-ba7c-b042e93f52f8"
"CABA",250,44.3820718840887,-68.2313049925299,2023-06-30,2023,"13:32","13:34",NA,"no",NA,NA,NA,NA,"yes",25,1,1,2,"","Yes, but not uploaded","","9f7ee3e5-9cdf-4c24-8b84-c4f7f327510e"
"CABA",232,44.38133499,-68.23147196,2023-06-30,2023,"13:36","13:38",NA,"no",NA,NA,NA,NA,"yes",19,2,0,0,"","Yes, but not uploaded","","bffdcc0b-d992-4da0-a018-9c76637a3106"
"CABA",251,44.3819537335084,-68.231317757137,2023-06-30,2023,"13:37","13:40",NA,"no",NA,NA,NA,NA,"yes",13,0,0,0,"","Yes, but not uploaded","","4a5ccebf-3d0f-451c-b686-ea004151fb30"
"CAMO",864,44.3521572250543,-68.2245251457602,2023-08-29,2023,"11:16","11:34",3,"no",NA,NA,NA,NA,"yes",7,0,1,3,"","Yes, but not uploaded","Red and yellow were counted as brown leaves","d2139ca7-2c29-4b7f-bb4d-d6d30f8fa5f4"
"CAMO",913,44.3521702828299,-68.2243846797104,2023-08-29,2023,"11:41","11:55",3,"no",NA,NA,NA,NA,"yes",14,0,0,2,"","Yes, but not uploaded","Brown leaf count includes leaves with brown edges (not entirley brown)","3f29bef3-6046-48d4-98c3-06be03a5b8e7"
"CAMO",912,44.352285813704,-68.2243334637701,2023-08-29,2023,"11:41","11:43",3,"no",NA,NA,NA,NA,"yes",2,0,1,2,"","No","Dry fruit","d628b3b5-5601-4520-a6f8-50edb9dc3736"
"CAMO",911,44.3524275246596,-68.2243449820793,2023-08-29,2023,"11:45","11:47",3,"no",NA,NA,NA,NA,"yes",5,0,1,4,"","Yes, but not uploaded","","88feb077-d6d9-4fbf-9413-92eecd077f82"
"CAMO",9613,44.3522599463208,-68.2241623866644,2023-08-29,2023,"11:57","12:05",3,"no",NA,NA,NA,NA,"yes",21,0,0,17,"","Yes, but not uploaded","","9f03d0e5-bee4-4e93-8256-abb4b2c93eba"
"CAMO",960,44.3524274927801,-68.2241981800493,2023-08-29,2023,"11:58","12:03",3,"no",NA,NA,NA,NA,"yes",2,0,1,4,"","Yes, but not uploaded","","512ae862-30dd-40ee-9350-95ba7ad70903"
"CAMO",1009,44.3524335109694,-68.2240090923304,2023-08-29,2023,"12:06","12:14",3,"no",NA,NA,NA,NA,"yes",17,0,5,13,"","Yes, but not uploaded","","98df709d-0565-45a0-be2a-9fba0ebf7abd"
"CAMO",962,44.3521512305406,-68.2241528994729,2023-08-29,2023,"12:07","12:09",3,"no",NA,NA,NA,NA,"yes",9,0,1,7,"","Yes, but not uploaded","","21d6a393-576c-4666-b95b-954790769aff"
"CAMO",1058,44.3524444386084,-68.2238240453484,2023-08-29,2023,"12:45","12:51",3,"no",NA,NA,NA,NA,"yes",23,0,0,19,"","Yes, but not uploaded","","9886d513-8aa4-4f87-96c1-ca040da26b05"
"CAMO",1011,44.3521614008277,-68.2239874751566,2023-08-29,2023,"12:46","12:53",3,"no",NA,NA,NA,NA,"yes",12,0,0,4,"","Yes, but not uploaded","","283341d6-605d-4bcd-9f47-1a0489d46aae"
"CAMO",1010,44.3523006535502,-68.2239954743323,2023-08-29,2023,"12:46","12:48",31,"no",NA,NA,NA,NA,"yes",11,0,0,11,"","Yes, but not uploaded","","28c639e0-fbb7-4a43-ad40-51151a3a34e9"
"CAMO",1060,44.3521799165369,-68.2237986913836,2023-08-29,2023,"12:57","12:59",3,"no",NA,NA,NA,NA,"yes",10,0,0,9,"","Yes, but not uploaded","","8673f116-135d-476d-a527-ad0c4fab4dbd"
"CAMO",1107,44.3524047728084,-68.2236323126907,2023-08-29,2023,"12:57","13:02",3,"no",NA,NA,NA,NA,"yes",14,0,1,10,"","Yes, but not uploaded","","fc9845a7-38f1-4612-bce3-c938a274c879"
"CAMO",1059,44.3523121748299,-68.2237860416902,2023-08-29,2023,"13:02","13:09",3,"no",NA,NA,NA,NA,"yes",7,0,0,6,"","Yes, but not uploaded","Dried stick no friut on it","ac7c91bf-cb27-4ab0-a683-cc8960755f52"
"CAMO",1109,44.3521715229378,-68.2236125800272,2023-08-29,2023,"13:09","13:16",3,"no",NA,NA,NA,NA,"yes",25,0,0,14,"","Yes, but not uploaded","","7b2a380b-3866-45f2-839f-7605b2f27e5a"
"CAMO",25,44.3524479617192,-68.2234315036878,2023-08-29,2023,"13:10","13:13",3,"no",NA,NA,NA,NA,"yes",4,0,0,4,"","Yes","","33159d73-3193-47b8-86ff-8f97c85d152c"
"CAMO",1108,44.3523225037766,-68.2236663309662,2023-08-29,2023,"13:17","13:25",3,"no",NA,NA,NA,NA,"yes",8,0,0,8,"","Yes, but not uploaded","","c0be713b-c245-41ef-83e2-0d92cff28bc2"
"CAMO",1158,44.3521760439793,-68.2234409739815,2023-08-29,2023,"13:19","13:27",3,"no",NA,NA,NA,NA,"yes",25,0,0,23,"","Yes, but not uploaded","","7c1c19cb-38e6-4b35-920e-dc1564facd6a"
"CAMO",1205,44.3524451860203,-68.2232380861112,2023-08-29,2023,"13:21","13:23",3,"no",NA,NA,NA,NA,"yes",13,1,4,10,"","Yes","","d17e245e-4ef0-41fa-9ea0-87e8044fd05c"
"CAMO",1303,44.3524387646474,-68.2229122054869,2023-08-29,2023,"13:25","13:40",3,"no",NA,NA,NA,NA,"yes",2,0,0,2,"","Yes, but not uploaded","","7d5f90d2-01ea-48aa-bc29-6f7878a12419"
"CAMO",1207,44.3521910984499,-68.2232726630376,2023-08-29,2023,"13:29","13:36",3,"no",NA,NA,NA,NA,"yes",24,0,0,19,"","Yes, but not uploaded","","fb8415db-6a1c-4a3f-8af9-53f311c8f9de"
"CAMO",1206,44.3523010942392,-68.2230981599508,2023-08-29,2023,"13:35","13:40",3,"no",NA,NA,NA,NA,"yes",14,1,4,12,"","Yes, but not uploaded","","d4b704c4-11a4-4966-9eef-8a8b9beb8fe7"
"CAMO",1254,44.3524671395924,-68.2227240758611,2023-08-29,2023,"13:42","13:50",3,"no",NA,NA,NA,NA,"yes",11,0,0,7,"","Yes","","85aa6762-4165-417c-b0ff-78714e9e5797"
"CAMO",1255,44.3522426751316,-68.2230684552271,2023-08-29,2023,"13:44","13:51",3,"no",NA,NA,NA,NA,"yes",19,0,0,14,"","Yes, but not uploaded","","09c0c5af-24b7-4368-8ed1-7f1c4d102c15"
"CAMO",1353,44.3523201356901,-68.222668195586,2023-08-29,2023,"13:52","13:56",3,"no",NA,NA,NA,NA,"yes",5,0,0,5,"","Yes, but not uploaded","","485e34cf-f4d0-48aa-b870-3712362767b5"
"CAMO",1305,44.3522185324507,-68.2228968866424,2023-08-29,2023,"13:55","14:00",3,"no",NA,NA,NA,NA,"yes",14,0,5,12,"","Yes, but not uploaded","","562e422b-e071-49f7-bd42-5e3c6d1d8d65"
"CAMO",1401,44.3524215965586,-68.2225489765904,2023-08-29,2023,"13:57","14:00",3,"no",NA,NA,NA,NA,"yes",10,0,0,8,"","Yes, but not uploaded","","8e6952a4-1e86-4dbe-9f38-97394e9c45e9"
"CAMO",1304,44.3522787801147,-68.2229288692134,2023-08-29,2023,"14:01","14:05",3,"no",NA,NA,NA,NA,"yes",2,0,0,2,"","Yes, but not uploaded","","689f287a-b9bc-4a09-9700-93c5be553d8c"
"CAMO",1354,44.3521926175129,-68.2227430209403,2023-08-29,2023,"14:03","14:06",3,"no",NA,NA,NA,NA,"yes",11,0,0,8,"","Yes, but not uploaded","","21c45469-17d0-422d-bbcf-4e536db20548"
"CAMO",1402,44.352300708275,-68.2226244295173,2023-08-29,2023,"14:03","14:06",3,"no",NA,NA,NA,NA,"yes",8,0,0,6,"","Yes","","2dacddd5-e84b-403b-8ba0-6cef32de53e2"
"CAMO",1403,44.3521786071184,-68.2225620954564,2023-08-29,2023,"14:12","14:15",4,"no",NA,NA,NA,NA,"yes",2,0,0,1,"","Yes, but not uploaded","","163a31b3-a669-46d4-a544-e110eb816ca1"
"SCHE",108,44.3501331962852,-68.0539787953751,2023-08-10,2023,"09:04","09:15",13,"no",NA,NA,NA,NA,"no",NA,NA,NA,NA,"","","","13fbff33-59bb-49bd-b961-d5c48e472ba4"
"SCHE",46,44.35009497,-68.054341,2023-08-10,2023,"09:29","09:43",4,"yes",15,0,0,12,"no",NA,NA,NA,NA,"Yes","","","6ba77df0-86e8-4089-87e9-b9bdf108dd1a"
"SCHE",140,44.3500061084017,-68.0537732923452,2023-08-10,2023,"09:39","09:41",4,"yes",18,0,0,14,"no",NA,NA,NA,NA,"Yes","","","6323ddc1-cc5e-439c-8070-0548802e0ca7"
"SCHE",261,44.3503753990662,-68.0530645803986,2023-08-10,2023,"09:44","09:46",5,"no",NA,NA,NA,NA,"yes",9,0,0,5,"","Yes","","d8d404f7-9495-449a-a0bd-57845ad3c73d"
"SCHE",364,44.3491136514743,-68.0525249189423,2023-08-10,2023,"09:59","10:08",4,"no",NA,NA,NA,NA,"no",NA,NA,NA,NA,"","","","612b0c8d-2e29-4749-8bd1-af538c6a7570"
"SCHE",260,44.3505140570928,-68.0530385132094,2023-08-10,2023,"10:05","10:24",4,"yes",25,0,0,25,"no",NA,NA,NA,NA,"Yes, but not uploaded","","","012210d2-9566-4891-a000-bc85c9561aaa"
"SCHE",366,44.3488392533534,-68.0525110646734,2023-08-10,2023,"10:13","10:19",4,"no",NA,NA,NA,NA,"no",NA,NA,NA,NA,"","","","24b1cb1f-900e-40a3-83a4-c12f75e85522"
"SCHE",15,44.35009361,-68.05442088,2023-08-10,2023,"10:24","10:32",4,"yes",18,0,0,11,"yes",7,0,0,0,"Yes, but not uploaded","Yes, but not uploaded","","a6bcd86d-5ee8-4859-a1db-4ad376df20ed"
"SCHE",259,44.3506153814515,-68.0530222810947,2023-08-10,2023,"10:28","10:35",4,"no",NA,NA,NA,NA,"no",NA,NA,NA,NA,"","","","e52e80f2-735c-4ab8-95d7-a6e8343af8c6"
"SCHE",363,44.3492556156152,-68.052514560984,2023-08-10,2023,"10:34","10:38",4,"no",NA,NA,NA,NA,"no",NA,NA,NA,NA,"","","","5c4ea6e7-b815-4743-b8c7-2091fe32096c"
"SCHE",258,44.3507667712501,-68.0530357706815,2023-08-10,2023,"10:39","11:02",4,"yes",17,0,0,12,"no",NA,NA,NA,NA,"Yes, but not uploaded","","","5c672620-3592-48b5-8605-56c1e40a2069"
"SCHE",77,44.35012058,-68.05411318,2023-08-10,2023,"10:39","10:42",4,"no",NA,NA,NA,NA,"no",NA,NA,NA,NA,"","","","514dba28-d4a2-48db-8f6b-ba0bd313c401"
"SCHE",332,44.3492498184388,-68.0527135914527,2023-08-10,2023,"10:43","10:44",4,"no",NA,NA,NA,NA,"no",NA,NA,NA,NA,"","","","9bc8482f-d6d2-4f95-990e-d983c7f417e7"
"SCHE",109,44.34999308,-68.05388624,2023-08-10,2023,"10:49","10:56",4,"no",NA,NA,NA,NA,"no",NA,NA,NA,NA,"","","","08de4ab7-74cf-49af-a5e6-7f95e13f7cd4"
"SCHE",209,44.3490833886619,-68.0534213659422,2023-08-10,2023,"10:52","10:55",4,"yes",6,0,0,3,"yes",8,0,0,0,"Yes","Yes","","5df3cd85-a8d8-4d2a-9659-047ca3648fd3"
"SCHE",179,44.3489714695989,-68.0535586053502,2023-08-10,2023,"11:00","11:02",4,"yes",21,0,0,16,"yes",11,0,0,1,"Yes","Yes","","a91327f8-f7de-4936-8dae-22f5a0f3b7e8"
"SCHE",257,44.3508688528235,-68.0530209890562,2023-08-10,2023,"11:05","11:18",4,"yes",25,0,0,17,"no",NA,NA,NA,NA,"Yes","","     ","6a237153-3207-432f-808d-511da947759e"
"SCHE",140,44.3499828,-68.05381509,2023-08-10,2023,"11:12","11:18",4,"no",NA,NA,NA,NA,"no",NA,NA,NA,NA,"","","","96906937-a884-4d17-a008-fd807d1dafb2"
"SCHE",256,44.3510227387413,-68.0529979356452,2023-08-10,2023,"11:19","11:32",4,"yes",16,0,0,12,"yes",11,0,0,3,"Yes","Yes, but not uploaded","","15573ba5-d4b6-4236-9ca2-3dfc1556cfc3"
"SCHE",255,44.3511389232275,-68.0530273061788,2023-08-10,2023,"11:38","11:51",4,"yes",16,0,0,8,"no",NA,NA,NA,NA,"Yes","","","8f4fefa9-e98e-4c6b-8679-c4ff654e9fc0"
"SCHE",240,44.3490916684719,-68.0532249016424,2023-08-10,2023,"11:41","11:46",4,"yes",15,0,0,14,"yes",3,0,0,1,"Yes","Yes","","62c86a33-6326-41ba-b00e-fbef2d14b8cb"
"SCHE",178,44.3491098355472,-68.0535614145669,2023-08-10,2023,"11:48","11:53",4,"yes",23,0,0,18,"yes",17,0,0,7,"Yes","Yes","","40015cc2-6e7d-474c-8d16-c19e59391470"
"SCHE",172,44.34985724,-68.0536376,2023-08-10,2023,"11:53","11:54",4,"no",NA,NA,NA,NA,"no",NA,NA,NA,NA,"","","","b9990784-b5ed-4013-859f-ddd178854147"
"SCHE",254,44.3512879903681,-68.0530634670014,2023-08-10,2023,"11:56","12:47",4,"no",NA,NA,NA,NA,"yes",3,0,0,0,"","Yes","","cdbfce5d-d5f4-4ed5-a216-801b9ebbb734"
"SCHE",203,44.3497944,-68.0534589,2023-08-10,2023,"11:56","12:05",4,"no",NA,NA,NA,NA,"no",NA,NA,NA,NA,"","","","6b7dcd1b-efeb-47d7-ba9a-2ea33a44458f"
"SCHE",265,44.34983247,-68.05306475,2023-08-10,2023,"12:41","12:42",4,"no",NA,NA,NA,NA,"yes",4,0,0,2,"","Yes, but not uploaded","","23350cd7-8b73-41a4-ba4b-9ad62f1ffa94"
"SCHE",397,44.3488346009544,-68.0523644107295,2023-08-10,2023,"12:45","12:47",4,"no",NA,NA,NA,NA,"yes",4,0,0,2,"","Yes","","7dc4013d-e323-41ff-9e40-73b7d640807e"
"SCHE",296,44.34984393,-68.05289104,2023-08-10,2023,"12:46","12:47",4,"no",NA,NA,NA,NA,"no",NA,NA,NA,NA,"","","","9f6888a7-150d-4b3a-b0da-6446dee8ea15"
"SCHE",365,44.3489533922673,-68.0525567178754,2023-08-10,2023,"12:54","12:58",4,"no",NA,NA,NA,NA,"no",NA,NA,NA,NA,"","","","b01aa724-625a-4401-8f03-49f9c0b25956"
"SCHE",397,44.3488416359623,-68.0523768186836,2023-08-10,2023,"13:00","13:03",4,"no",NA,NA,NA,NA,"no",NA,NA,NA,NA,"","","","3fe7b2ae-b2e6-4d9b-a47b-f894c79ec947"
"SCHE",1253,44.3514578294598,-68.0530535055543,2023-08-10,2023,"13:09","13:14",4,"yes",12,0,0,8,"yes",3,0,0,0,"Yes, but not uploaded","Yes, but not uploaded","","4074dc30-3907-4257-9107-139070311695"
"SCHE",284,44.3514126479412,-68.0528550234586,2023-08-10,2023,"13:18","13:22",4,"yes",25,0,0,18,"no",NA,NA,NA,NA,"Yes","","","82ed63e3-23b5-470a-9eef-3e9c5a39898b"
"SCHE",285,44.3512707449875,-68.0528416025854,2023-08-10,2023,"13:27","13:33",4,"yes",5,0,0,0,"yes",13,0,0,4,"Yes, but not uploaded","Yes, but not uploaded","","bef36437-3974-44e7-98f2-666f10222a77"
"SCHE",141,44.3498076757022,-68.0537366218336,2023-08-31,2023,"09:39","09:47",NA,"no",NA,NA,NA,NA,"no",NA,NA,NA,NA,"","",":(","b14e0264-72fa-4984-b029-8b333de9b372"
"SCHE",293,44.3502248,-68.05288282,2023-08-31,2023,"09:39","09:52",4,"yes",19,0,0,19,"yes",7,0,0,3,"Yes, but not uploaded","Yes, but not uploaded","","116dc228-2778-46e7-aa9f-00bd4a269835"
"SCHE",78,44.3499682683882,-68.0541001187612,2023-08-31,2023,"09:50","09:53",NA,"no",NA,NA,NA,NA,"no",NA,NA,NA,NA,"","","Partially in the road","76cc23d1-9f5c-4a78-b727-47c683453ba9"
"SCHE",2924,44.35035327,-68.05288477,2023-08-31,2023,"09:57","10:12",4,"yes",25,0,0,25,"yes",2,0,0,1,"Yes, but not uploaded","Yes, but not uploaded","","c1aa4c51-4cbc-4381-81d3-160b7a1989ea"
"SCHE",47,44.3499572379818,-68.0542905658272,2023-08-31,2023,"10:00","10:05",NA,"no",NA,NA,NA,NA,"yes",1,0,0,1,"","Yes, but not uploaded","","77264ac1-44d2-4375-84fe-dda5d38ddef4"
"SCHE",16,44.3499952343871,-68.0545314606949,2023-08-31,2023,"10:09","10:18",NA,"no",NA,NA,NA,NA,"yes",9,0,0,5,"","Yes, but not uploaded","","9a976a31-1311-467d-b228-dbd3852a8dd5"
"SCHE",291,44.35047926,-68.05285543,2023-08-31,2023,"10:18","10:33",4,"yes",10,0,0,10,"yes",8,0,0,1,"Yes, but not uploaded","Yes, but not uploaded","","a5ee90e0-919c-47e2-a30b-890d24838d29"
"SCHE",264,44.3499570205994,-68.0530421006556,2023-08-31,2023,"10:28","10:34",NA,"no",NA,NA,NA,NA,"yes",3,0,0,1,"","Yes, but not uploaded","","ce0314f7-b829-4323-a572-e6e889780328"
"SCHE",263,44.3501204849063,-68.0530058781386,2023-08-31,2023,"10:36","10:39",NA,"no",NA,NA,NA,NA,"no",NA,NA,NA,NA,"","","Pretty inaccessible","8a220624-d96d-4e43-895f-6dc7c13cb3ee"
"SCHE",290,44.35062718,-68.05286995,2023-08-31,2023,"10:41","10:54",4,"yes",14,0,0,14,"no",NA,NA,NA,NA,"Yes, but not uploaded","","","f908a6a0-3467-4ad3-9877-8025400ce642"
"SCHE",208,44.349214254614,-68.0534027652501,2023-08-31,2023,"11:00","11:09",NA,"yes",25,0,0,25,"yes",8,0,0,3,"Yes, but not uploaded","Yes, but not uploaded","At edge of radius out of the brush","56178e6e-5677-44d0-b1dc-45b0a01edf2d"
"SCHE",286,44.3511621,-68.05287207,2023-08-31,2023,"11:14","11:24",4,"no",NA,NA,NA,NA,"no",NA,NA,NA,NA,"","","","1db2e921-562c-4407-a137-0397d8857441"
"SCHE",211,44.348856034798,-68.0534239721829,2023-08-31,2023,"11:16","11:21",NA,"yes",23,0,0,23,"yes",3,0,1,2,"Yes, but not uploaded","Yes, but not uploaded","Dry cinquefoil fruit, crowberry found in a dead patch","46bed229-1274-4e6f-98da-3bccad621e19"
"SCHE",210,44.348968442496,-68.0534164141582,2023-08-31,2023,"11:25","11:32",NA,"yes",15,0,0,9,"yes",2,0,0,0,"Yes, but not uploaded","Yes, but not uploaded","","1599d740-1529-4842-bd8b-352311d03a0c"
"SCHE",287,44.35102134,-68.05285841,2023-08-31,2023,"11:31","11:41",4,"yes",12,0,0,0,"yes",9,0,0,1,"Yes, but not uploaded","No","","8a55ecf7-c25a-4dc9-94f4-c9bdf69e719c"
"SCHE",180,44.3488404311524,-68.0535207197659,2023-08-31,2023,"11:43","11:46",NA,"no",NA,NA,NA,NA,"no",NA,NA,NA,NA,"","","Inaccessible and unsafe","060423a6-0317-406c-82e4-a6c908306bc4"
"SCHE",288,44.35090967,-68.05289322,2023-08-31,2023,"12:01","12:09",4,"no",NA,NA,NA,NA,"no",NA,NA,NA,NA,"",""," crowberry just outside grid cell radius","6c797360-a1a1-450b-aaa2-289e4cb1b8c1"
"SCHE",149,44.348841505487,-68.0537650068589,2023-08-31,2023,"12:41","12:45",NA,"no",NA,NA,NA,NA,"yes",4,0,0,1,"","Yes, but not uploaded","","b40621b1-b29e-4906-8ddf-1389eecccf17"
"SCHE",361,44.3494646484455,-68.0524856436999,2023-08-31,2023,"12:53","12:57",NA,"no",NA,NA,NA,NA,"yes",4,0,0,2,"","Yes, but not uploaded","","2e37df4f-a80b-44c0-9eb0-180218f9f869"
"SCHE",289,44.35075153,-68.05284128,2023-08-31,2023,"12:57","13:07",4,"yes",16,0,0,16,"yes",7,0,0,1,"Yes, but not uploaded","Yes, but not uploaded","","dcdc7f19-4a32-47c1-8cc3-05dd17a4a9b2"
"SCHE",360,44.349607874459,-68.052507169784,2023-08-31,2023,"12:59","13:02",NA,"no",NA,NA,NA,NA,"yes",2,0,0,1,"","Yes, but not uploaded","","36a72116-2fc1-4c22-86af-0508edf21a99"
"SCHE",362,44.3493563959267,-68.0525149320702,2023-08-31,2023,"13:05","13:08",NA,"no",NA,NA,NA,NA,"yes",19,0,0,8,"","Yes, but not uploaded","","0ed8c493-5a62-42e2-943b-9c849a9cd71f"
"SCHE",392,44.3494912441348,-68.052312941234,2023-08-31,2023,"13:11","13:14",NA,"no",NA,NA,NA,NA,"no",NA,NA,NA,NA,"","","","06791084-280e-43fc-bd1c-6a0bfed13e78"
"SCHE",323,44.35037825,-68.05272193,2023-08-31,2023,"13:18","13:28",4,"yes",9,0,0,9,"no",NA,NA,NA,NA,"Yes, but not uploaded","","Some three toothed cinquefoil outside area","285914a0-104a-4c2f-a38b-3967ca8f11a1"
"SCHE",391,44.3495984522633,-68.0523449226848,2023-08-31,2023,"13:21","13:24",NA,"no",NA,NA,NA,NA,"no",NA,NA,NA,NA,"","","Pretty inaccessible","5afae1c0-c917-4c8a-8556-3a6585c19a58"
"SCHE",324,44.3502582,-68.05266258,2023-08-31,2023,"13:36","13:40",4,"yes",24,0,0,24,"yes",8,0,0,2,"Yes, but not uploaded","Yes, but not uploaded","","0d5233f9-ef2e-4511-8253-6bebf18e17a4"
"SCHE",325,44.350120859957,-68.0527030482956,2023-08-31,2023,"13:49","13:52",NA,"no",NA,NA,NA,NA,"yes",2,0,0,2,"","Yes, but not uploaded","","78ae3c69-76a3-4830-91ed-c06324f5b518"
"SCHE",294,44.3501194091145,-68.0528881555514,2023-08-31,2023,"13:56","13:59",NA,"yes",23,0,0,23,"yes",3,0,0,1,"Yes, but not uploaded","Yes, but not uploaded","","39a61542-a142-47a4-b0fe-debfa1553bc6"
"SCHE",386,44.3502262535592,-68.0522669617614,2023-08-31,2023,"13:57","14:02",4,"no",NA,NA,NA,NA,"no",NA,NA,NA,NA,"","","","6895a7e7-8e5b-4868-bad5-f57d7a8ff336"
"SCMO",1077,44.574020800531,-68.1467844098012,2023-07-31,2023,"11:41","12:45",NA,"no",NA,NA,NA,NA,"yes",23,0,0,0,"","Yes","","ff2cdd3e-4977-4761-9055-f800d84c03de"
"SCMO",1160,44.5730797230028,-68.1464356723619,2023-07-31,2023,"11:41","13:00",NA,"yes",24,0,0,9,"yes",9,0,0,3,"Yes","Yes","","0123ed77-a54d-40d7-bea4-dd67ad3977d2"
"SCMO",1235,44.5732756827886,-68.14606322232,2023-07-31,2023,"12:42","12:46",NA,"no",NA,NA,NA,NA,"yes",20,0,12,20,"","Yes, but not uploaded","","30e966e9-dd4b-4c2a-85ea-b876d947be1b"
"SCMO",1084,44.5730775199527,-68.1467953029102,2023-07-31,2023,"12:42","12:58",NA,"yes",13,0,0,0,"yes",25,0,8,22,"Yes","Yes","","9420df25-4271-4d3f-b516-aa7c00563b55"
"SCMO",1039,44.5739902394994,-68.1469319616499,2023-07-31,2023,"12:54","13:00",NA,"no",NA,NA,NA,NA,"yes",20,0,0,1,"","Yes","","d131c222-fcd0-4a12-84ae-44d18310e5da"
"SCMO",1234,44.5734018153158,-68.1460168377498,2023-07-31,2023,"12:58","13:02",NA,"yes",25,0,0,0,"yes",7,0,0,2,"Yes","Yes, but not uploaded","","fe0b831b-12c8-4baf-aab5-fb85568aea75"
"SCMO",1122,44.5731070806259,-68.1465720438496,2023-07-31,2023,"13:01","13:15",NA,"yes",24,0,0,24,"yes",25,0,0,20,"Yes","Yes","","57f92600-6879-4cd4-9a97-bce82f9b4d50"
"SCMO",1195,44.5734593129817,-68.1462402422146,2023-07-31,2023,"13:05","13:09",NA,"yes",25,0,0,25,"yes",18,0,0,6,"Yes, but not uploaded","Yes, but not uploaded","","02045f37-96f2-481f-8337-9caecf3fcfe8"
"SCMO",1001,44.5739896447838,-68.1471299255236,2023-07-31,2023,"13:06","13:15",NA,"no",NA,NA,NA,NA,"yes",11,0,0,0,"","Yes","","6a170f03-9716-42ea-a5dc-7b56f828f07c"
"SCMO",1083,44.5732154911038,-68.1467568340605,2023-07-31,2023,"13:09","13:15",NA,"yes",11,0,0,0,"yes",4,0,1,3,"Yes","Yes","","aeb6aa29-1b1d-4393-872c-f95ade389296"
"SCMO",1084,44.5731409257138,-68.1465919396619,2023-07-31,2023,"13:15","13:32",NA,"yes",23,0,0,2,"yes",25,0,8,24,"Yes","Yes","","c83b2f07-79a6-4fdd-aedc-c6eef6fdb24f"
"SCMO",963,44.5739650941228,-68.1473146109137,2023-07-31,2023,"13:18","13:25",NA,"no",NA,NA,NA,NA,"yes",24,0,0,16,"","Yes","","18977fbc-fcf7-492a-af95-191a4f761834"
"SCMO",0,44.5733969215931,-68.1467896735014,2023-07-31,2023,"13:19","13:20",NA,"no",NA,NA,NA,NA,"no",NA,NA,NA,NA,"","","","1ba2a5e3-0592-4f9e-9165-53b8dadfbdf1"
"SCMO",1194,44.5735968289135,-68.146197260013,2023-07-31,2023,"13:23","13:25",NA,"no",NA,NA,NA,NA,"yes",24,1,0,11,"","Yes, but not uploaded","","1b5c6548-e09d-404a-b7c2-ffdb7b6e6cf7"
"SCMO",1081,44.5734839210155,-68.1468141236321,2023-07-31,2023,"13:23","13:24",NA,"no",NA,NA,NA,NA,"no",NA,NA,NA,NA,"","","","6d9859b7-6cff-4cb2-87ef-47e679856c40"
"SCMO",1083,44.5735908384818,-68.146807151659,2023-07-31,2023,"13:26","13:32",NA,"no",NA,NA,NA,NA,"no",NA,NA,NA,NA,"","","","dd25c503-e997-4190-b8fa-4533d9ce7f21"
"SCMO",925,44.5739777279098,-68.1474794872824,2023-07-31,2023,"13:30","13:31",NA,"no",NA,NA,NA,NA,"yes",25,0,0,24,"","Yes","","50e269f9-755c-4def-bd90-8d5fd6fcf0bb"
"SCMO",1197,44.5732535242859,-68.1462345241104,2023-07-31,2023,"13:32","13:35",NA,"yes",25,0,0,25,"yes",25,0,1,24,"Yes","Yes, but not uploaded","","4f192932-bd0e-429e-bc80-baada74594f6"
"SCMO",1083,44.5732412705415,-68.1467299370876,2023-07-31,2023,"13:33","13:45",NA,"yes",23,0,0,23,"yes",1,0,0,1,"Yes","Yes","","93675236-231c-47ef-b750-e9ec57f3417a"
"SCMO",1079,44.5736600451498,-68.1466386863178,2023-07-31,2023,"13:42","13:45",NA,"no",NA,NA,NA,NA,"no",NA,NA,NA,NA,"","","","07ac93dd-420a-40b6-95e8-165267705e83"
"SCMO",887,44.5739623215604,-68.1477211665686,2023-07-31,2023,"13:43","13:44",NA,"no",NA,NA,NA,NA,"yes",25,0,0,25,"","Yes","","4014b22d-a98c-48c4-99e5-e8e3d5cd992b"
"SCMO",1082,44.5733320320418,-68.1467811348048,2023-07-31,2023,"13:46","13:52",NA,"no",NA,NA,NA,NA,"no",NA,NA,NA,NA,"","","","c1d6a0b3-4fbe-44ad-b254-cd50bdc17cff"
"SCMO",849,44.5739970464908,-68.1478494701429,2023-07-31,2023,"13:47","13:47",NA,"no",NA,NA,NA,NA,"yes",25,0,0,21,"","Yes","","ed559af3-a693-41f9-ba2b-dadb7f20a8d8"
"SCMO",1045,44.5731966784539,-68.1469655078045,2023-07-31,2023,"13:52","14:03",NA,"no",NA,NA,NA,NA,"yes",21,1,5,12,"","Yes","","0947daec-003b-414a-8d2b-742499923031"
"SCMO",1043,44.5736043086995,-68.146985707887,2023-07-31,2023,"13:53","13:55",NA,"no",NA,NA,NA,NA,"no",NA,NA,NA,NA,"","","","a1517ef6-1af0-4d68-b5e8-e87f9ac90784"
"SCMO",1078,44.5738552496081,-68.1467948057035,2023-07-31,2023,"13:54","13:54",NA,"no",NA,NA,NA,NA,"yes",23,0,0,16,"","Yes","","a7f8bb67-5364-402c-85ff-7f40e9f663f5"
"SCMO",1040,44.5738601351421,-68.146957865697,2023-07-31,2023,"13:59","14:01",NA,"no",NA,NA,NA,NA,"yes",24,0,0,10,"","Yes","","479266a2-f39e-4690-a364-867c1fad6e05"
"SCMO",1043,44.5734520461849,-68.1469217942134,2023-07-31,2023,"14:01","14:04",NA,"no",NA,NA,NA,NA,"yes",21,1,0,17,"","Yes","","aa196b8c-9092-4164-a750-6f63ef60eb57"
"SCMO",1044,44.5733377914628,-68.1469568434556,2023-07-31,2023,"14:03","14:08",NA,"no",NA,NA,NA,NA,"no",NA,NA,NA,NA,"","","","a1536f25-9bda-4f3f-9bf7-df7e56a298d8"
"SCMO",1002,44.5738788808385,-68.147101743687,2023-07-31,2023,"14:04","14:05",NA,"no",NA,NA,NA,NA,"yes",25,0,0,16,"","Yes","","85f12617-fce1-4125-8196-7198d5cc79f4"
"SCMO",1041,44.5737277114686,-68.1469430821134,2023-07-31,2023,"14:04","14:11",NA,"no",NA,NA,NA,NA,"yes",15,0,0,5,"","Yes","","52aa399b-826d-4a39-a9d5-bb5d080377f1"
"SCMO",964,44.5738226001965,-68.1472805056082,2023-07-31,2023,"14:08","14:08",NA,"yes",3,0,1,0,"yes",22,0,0,4,"Yes","Yes","","92e805e0-ed73-40b2-8e98-94d1b844954a"
"SHHA",3140,44.2276163865988,-68.3218719175671,2023-08-11,2023,"10:17","10:19",NA,"no",NA,NA,NA,NA,"no",NA,NA,NA,NA,"","","","efa4c800-12e7-4336-b775-8b72ddeebb11"
"SHHA",3229,44.2275175290493,-68.3216637916721,2023-08-11,2023,"10:24","10:26",NA,"no",NA,NA,NA,NA,"no",NA,NA,NA,NA,"","","","e17fdc8c-65c4-4a32-bc23-7ef1c3de4be7"
"SHHA",4828,44.22559716,-68.3184316,2023-08-11,2023,"10:28","10:36",4,"no",NA,NA,NA,NA,"yes",4,0,0,3,"","Yes, but not uploaded","","fbe40ef0-8e6e-4a0e-a54a-5e9260ec12d7"
"SHHA",3318,44.2273472589518,-68.3214758587539,2023-08-11,2023,"10:30","10:31",NA,"no",NA,NA,NA,NA,"no",NA,NA,NA,NA,"","","","0dcd1952-b601-4101-82d9-99fdf6d20e93"
"SHHA",3942,44.2263598166819,-68.3202450253284,2023-08-11,2023,"10:30","10:46",5,"yes",12,0,0,12,"yes",1,0,0,0,"Yes, but not uploaded","Yes, but not uploaded","","6f3fd562-9926-4d1f-a801-7747b941e6bc"
"SHHA",3407,44.2272960200072,-68.3212489169341,2023-08-11,2023,"10:35","10:35",NA,"no",NA,NA,NA,NA,"no",NA,NA,NA,NA,"","","","2d8acc9f-22ed-4df3-99b0-e0a60a15ce33"
"SHHA",4829,44.22545447,-68.31843385,2023-08-11,2023,"10:39","10:41",4,"no",NA,NA,NA,NA,"no",NA,NA,NA,NA,"","","No soil","15c123b9-5584-4f9d-92a0-68f0e49a50cb"
"SHHA",3497,44.2270137301502,-68.3211691805196,2023-08-11,2023,"10:41","10:43",NA,"yes",25,0,0,12,"no",NA,NA,NA,NA,"Yes","","","40db8e90-e12b-47ce-bcda-51b79b315ad0"
"SHHA",4916,44.22557824,-68.31822928,2023-08-11,2023,"10:41","10:53",4,"yes",23,0,0,8,"yes",1,0,0,0,"Yes, but not uploaded","Yes, but not uploaded","1 single cinquefoil","f24f4b63-44e2-4210-bd8c-bb8d59d46633"
"SHHA",3943,44.2262343715459,-68.3202361766127,2023-08-11,2023,"10:48","10:53",4,"no",NA,NA,NA,NA,"no",NA,NA,NA,NA,"","","","1daf58ea-820c-42fa-b131-ba014a73beb2"
"SHHA",4917,44.22544604,-68.31824017,2023-08-11,2023,"10:54","11:05",4,"yes",16,0,0,16,"yes",3,0,0,3,"Yes, but not uploaded","Yes, but not uploaded","4 grids of dead flowers","99f9442e-b312-4103-a4f6-5bdb643a8519"
"SHHA",3587,44.2267552511552,-68.3209077494856,2023-08-11,2023,"10:55","10:56",NA,"no",NA,NA,NA,NA,"yes",7,0,0,1,"","Yes, but not uploaded","","4d73881c-f330-4611-b92f-c4b4c161908d"
"SHHA",4031,44.2262228348769,-68.3200441935793,2023-08-11,2023,"10:58","11:02",5,"yes",16,0,0,12,"yes",4,0,0,0,"Yes, but not uploaded","Yes, but not uploaded","","2e8637a1-541c-4702-88f9-5ba557f4e8ae"
"SHHA",3676,44.2266018454759,-68.320713869499,2023-08-11,2023,"11:01","11:03",NA,"yes",15,0,0,8,"no",NA,NA,NA,NA,"Yes, but not uploaded","","","9c3b9bb4-2d9f-4e3e-82a3-a069e90163e2"
"SHHA",3765,44.2264601353994,-68.320614348509,2023-08-11,2023,"11:05","11:08",NA,"no",NA,NA,NA,NA,"yes",5,0,0,3,"","Yes, but not uploaded","","6bd5db33-7eef-4859-978e-7632ecc66fdc"
"SHHA",5005,44.22546142,-68.31806441,2023-08-11,2023,"11:05","11:18",4,"yes",14,0,0,14,"yes",14,0,0,4,"Yes, but not uploaded","Yes, but not uploaded","1 grid of dead flowers","ff388fbc-daad-42f8-8933-744c274b6de5"
"SHHA",4032,44.226136240434,-68.3200070308846,2023-08-11,2023,"11:05","11:05",5,"no",NA,NA,NA,NA,"no",NA,NA,NA,NA,"","","","6a1f8203-11a2-49d3-95a7-3e6208997d85"
"SHHA",4120,44.2261206384701,-68.3198417129813,2023-08-11,2023,"11:09","11:20",5,"yes",17,0,0,17,"yes",16,0,0,12,"Yes, but not uploaded","Yes, but not uploaded","","e7b0c6f0-0d89-4db2-954c-3cf07b887a0b"
"SHHA",3854,44.2263449182719,-68.3203898368362,2023-08-11,2023,"11:11","11:15",NA,"yes",6,0,0,4,"yes",6,0,0,1,"Yes, but not uploaded","Yes, but not uploaded","","091d8aa8-e3ce-4dca-b48d-b3093b5314ee"
"SHHA",5094,44.22535415,-68.31788312,2023-08-11,2023,"11:18","11:22",4,"no",NA,NA,NA,NA,"no",NA,NA,NA,NA,"","","No soil","5004459f-dae3-4ca7-8330-c1914e564f2b"
"SHHA",3855,44.2262466221246,-68.3204116207311,2023-08-11,2023,"11:19","11:19",NA,"no",NA,NA,NA,NA,"no",NA,NA,NA,NA,"","","","ea626d70-ed71-400f-8cbf-eccc44b44c6f"
"SHHA",4209,44.2259608131307,-68.3197020484423,2023-08-11,2023,"11:22","11:32",5,"yes",18,4,0,0,"no",NA,NA,NA,NA,"Yes","","","0c3efff4-e490-4249-b2bf-0ba381b769c7"
"SHHA",3943,44.2262474474502,-68.3201974755017,2023-08-11,2023,"11:23","11:26",NA,"yes",7,0,0,2,"yes",12,0,0,5,"Yes, but not uploaded","Yes, but not uploaded","","68e04931-5ecb-4f84-b7e7-cdb349d6fa3e"
"SHHA",5006,44.22533705,-68.31807896,2023-08-11,2023,"11:23","11:29",4,"no",NA,NA,NA,NA,"no",NA,NA,NA,NA,"","","No soil","e9fbdc14-206c-479b-8924-6de44e4380a9"
"SHHA",5093,44.2254356,-68.31787034,2023-08-11,2023,"11:29","11:36",4,"no",NA,NA,NA,NA,"no",NA,NA,NA,NA,"","","","3639e0ac-e188-4136-94e7-e5205368c86f"
"SHHA",4031,44.226243994512,-68.3200810389064,2023-08-11,2023,"11:33","11:35",NA,"yes",18,0,0,7,"yes",6,0,0,0,"Yes, but not uploaded","Yes, but not uploaded","","4838a70e-8a32-4833-84e9-a04da800906e"
"SHHA",5004,44.22557703,-68.31806705,2023-08-11,2023,"11:37","11:47",4,"yes",21,0,0,1,"no",NA,NA,NA,NA,"Yes, but not uploaded","","","0d79364b-9e2a-410b-9b3a-40130a908f16"
"SHHA",4297,44.2259583567611,-68.3195042183836,2023-08-11,2023,"11:40","11:53",5,"yes",25,0,0,12,"no",NA,NA,NA,NA,"Yes, but not uploaded","","","d08ce1d2-a4aa-452d-9de2-05756dad6272"
"SHHA",4120,44.2260821426281,-68.3198016179701,2023-08-11,2023,"11:41","11:43",NA,"yes",21,0,0,10,"yes",14,0,0,3,"Yes, but not uploaded","Yes, but not uploaded","","57c15e90-9ea7-4ddd-b046-1169039347db"
"SHHA",5092,44.22558851,-68.31787814,2023-08-11,2023,"11:47","11:59",4,"yes",23,0,0,6,"yes",5,0,0,0,"Yes, but not uploaded","Yes, but not uploaded","","73a658c4-e737-4283-9b09-11ea5777dc88"
"SHHA",3883,44.226511124399,-68.3204457234055,2023-08-11,2023,"12:30","12:35",NA,"yes",9,0,0,4,"yes",6,0,0,3,"Yes, but not uploaded","Yes, but not uploaded","","846cc9bd-0f99-4150-aace-1401554d97d3"
"SHHA",5182,44.22532735,-68.31769591,2023-08-11,2023,"12:30","12:30",4,"no",NA,NA,NA,NA,"no",NA,NA,NA,NA,"","","No soil","83d6cc2b-c1b0-4b90-8dc4-04f84bbf8f91"
"SHHA",5094,44.22531914,-68.31790254,2023-08-11,2023,"12:30","12:33",4,"no",NA,NA,NA,NA,"no",NA,NA,NA,NA,"","","No soil
","ee584be6-b34a-4f92-b348-87f64acfd125"
"SHHA",5181,44.22545378,-68.31769343,2023-08-11,2023,"12:34","12:37",4,"no",NA,NA,NA,NA,"no",NA,NA,NA,NA,"","","","f95ada37-3bdf-4a14-8c6d-bf3afef01283"
"SHHA",5180,44.22560509,-68.31769064,2023-08-11,2023,"12:37","12:41",4,"no",NA,NA,NA,NA,"no",NA,NA,NA,NA,"","","No soil","c574bb08-1c80-44c5-bdb9-0d7d0a1de871"
"SHHA",4474,44.2258511446157,-68.3191675832769,2023-08-11,2023,"12:38","12:51",5,"yes",4,0,0,3,"yes",14,0,0,1,"Yes, but not uploaded","Yes, but not uploaded","","b0092a5f-7fb8-4266-a35d-6349afd52e27"
"SHHA",3764,44.2266497774674,-68.3206082834684,2023-08-11,2023,"12:39","12:42",NA,"yes",17,0,0,3,"no",NA,NA,NA,NA,"Yes, but not uploaded","","","f62ae806-ecec-4abd-aea6-c3a4020296c0"
"SHHA",5179,44.22567715,-68.31770313,2023-08-11,2023,"12:42","12:52",4,"no",NA,NA,NA,NA,"yes",1,0,0,0,"","Yes, but not uploaded","","52cf5c02-3b5b-4e90-8d49-8e9a24ecab33"
"SHHA",3675,44.226767950347,-68.3207850284275,2023-08-11,2023,"12:44","12:46",NA,"no",NA,NA,NA,NA,"no",NA,NA,NA,NA,"","","","faaeacfd-8bfb-4d9e-9fa0-6c566065320a"
"SHHA",3585,44.2270368148566,-68.3209074079885,2023-08-11,2023,"12:49","12:52",NA,"no",NA,NA,NA,NA,"no",NA,NA,NA,NA,"","","","a1942479-9b2b-47fb-b179-d8c083bbba4f"
"SHHA",5267,44.22571103,-68.31753034,2023-08-11,2023,"12:52","12:55",4,"no",NA,NA,NA,NA,"no",NA,NA,NA,NA,"","","No soil","f2d5a708-f998-4383-8685-d6a1f99fd70b"
"SHHA",5268,44.22558384,-68.3175069,2023-08-11,2023,"12:55","12:58",4,"no",NA,NA,NA,NA,"no",NA,NA,NA,NA,"","","No soil","3eb8a1b6-8571-49c1-bea9-c818d9251657"
"SHHA",4475,44.2257134256471,-68.3191555499952,2023-08-11,2023,"12:56","13:00",5,"yes",25,0,0,20,"no",NA,NA,NA,NA,"Yes, but not uploaded","","","7d9166ce-c2ca-4f00-93a8-f1974d9f41c1"
"SHHA",3498,44.2271316137621,-68.3210840781873,2023-08-11,2023,"12:57","13:00",NA,"yes",23,0,0,10,"no",NA,NA,NA,NA,"No","","","85622e57-bf23-4860-807b-4b233aa280c3"
"SHHA",5264,44.22572704,-68.31755142,2023-08-11,2023,"13:00","13:01",4,"no",NA,NA,NA,NA,"no",NA,NA,NA,NA,"","","No soil
","075d4956-06d2-486f-b736-e99794973f76"
"SHHA",5266,44.22584747,-68.3175247,2023-08-11,2023,"13:01","13:07",4,"no",NA,NA,NA,NA,"no",NA,NA,NA,NA,"","","","22c9aa74-8e07-4d1c-ba7d-a01fcc4a8147"
"SHHA",4563,44.2257465386169,-68.3189771407657,2023-08-11,2023,"13:04","13:13",5,"yes",25,0,0,3,"yes",1,0,0,1,"Yes, but not uploaded","Yes, but not uploaded","","8a272102-ee0b-46de-b583-6789ae80ed67"
"SHHA",3406,44.2274165757809,-68.3213369769129,2023-08-11,2023,"13:06","13:14",NA,"no",NA,NA,NA,NA,"no",NA,NA,NA,NA,"","","","537c9797-f384-4096-8332-9c7e1c25e63e"
"SHHA",5354,44.22584353,-68.31732296,2023-08-11,2023,"13:07","13:13",4,"no",NA,NA,NA,NA,"no",NA,NA,NA,NA,"","","","42b8f966-cb94-477a-b08c-88251cbf054b"
"SHHA",4564,44.2255475161218,-68.3188739900815,2023-08-11,2023,"13:16","13:17",5,"no",NA,NA,NA,NA,"no",NA,NA,NA,NA,"","","","7d431ed5-830f-426f-ac9a-272ef584ed23"
"SHHA",3317,44.2274908287853,-68.3215484518856,2023-08-11,2023,"13:19","13:22",NA,"no",NA,NA,NA,NA,"no",NA,NA,NA,NA,"","","","8db042c8-c666-4f0c-89fa-997cb597d74e"
"SHHA",4740,44.2255772077261,-68.3186100697544,2023-08-11,2023,"13:22","13:28",5,"yes",11,0,0,1,"no",NA,NA,NA,NA,"Yes, but not uploaded","","","11e468d8-8ba1-4e83-a742-1f77c98d0d22"
