id,site,site.code,refugia,longitude,latitude,sampling.status,area
acmo_nr_1538,acadia_mountain,acmo,no,-68.32371934,44.32332351,survey,1
acmo_nr_1609,acadia_mountain,acmo,no,-68.32353968,44.32345204,survey,1
acmo_nr_1610,acadia_mountain,acmo,no,-68.32353968,44.32332351,survey,1
acmo_nr_1681,acadia_mountain,acmo,no,-68.32336002,44.32345204,survey,1
acmo_nr_1682,acadia_mountain,acmo,no,-68.32336002,44.32332351,survey,1
acmo_nr_1750,acadia_mountain,acmo,no,-68.32318035,44.32383763,survey,1
acmo_nr_1751,acadia_mountain,acmo,no,-68.32318035,44.3237091,survey,1
acmo_nr_1752,acadia_mountain,acmo,no,-68.32318035,44.32358057,survey,1
acmo_nr_1753,acadia_mountain,acmo,no,-68.32318035,44.32345204,survey,1
acmo_nr_1754,acadia_mountain,acmo,no,-68.32318035,44.32332351,survey,1
acmo_nr_1822,acadia_mountain,acmo,no,-68.32300069,44.32383763,survey,1
acmo_nr_1823,acadia_mountain,acmo,no,-68.32300069,44.3237091,survey,1
acmo_nr_1824,acadia_mountain,acmo,no,-68.32300069,44.32358057,survey,1
acmo_nr_1825,acadia_mountain,acmo,no,-68.32300069,44.32345204,survey,1
acmo_nr_1826,acadia_mountain,acmo,no,-68.32300069,44.32332351,survey,1
acmo_nr_1899,acadia_mountain,acmo,no,-68.32282103,44.32319497,survey,1
acmo_nr_1900,acadia_mountain,acmo,no,-68.32282103,44.32306644,survey,1
acmo_nr_1966,acadia_mountain,acmo,no,-68.32264136,44.32383763,survey,1
acmo_nr_1967,acadia_mountain,acmo,no,-68.32264136,44.3237091,survey,1
acmo_nr_1971,acadia_mountain,acmo,no,-68.32264136,44.32319497,survey,1
acmo_nr_1972,acadia_mountain,acmo,no,-68.32264136,44.32306644,survey,1
acmo_nr_1973,acadia_mountain,acmo,no,-68.32264136,44.32293791,survey,1
acmo_nr_2038,acadia_mountain,acmo,no,-68.3224617,44.32383763,survey,1
acmo_nr_2039,acadia_mountain,acmo,no,-68.3224617,44.3237091,survey,1
acmo_nr_2040,acadia_mountain,acmo,no,-68.3224617,44.32358057,survey,1
acmo_nr_2041,acadia_mountain,acmo,no,-68.3224617,44.32345204,survey,1
acmo_nr_2042,acadia_mountain,acmo,no,-68.3224617,44.32332351,survey,1
acmo_nr_2043,acadia_mountain,acmo,no,-68.3224617,44.32319497,survey,1
acmo_nr_2044,acadia_mountain,acmo,no,-68.3224617,44.32306644,survey,1
acmo_nr_2045,acadia_mountain,acmo,no,-68.3224617,44.32293791,survey,1
acmo_nr_2110,acadia_mountain,acmo,no,-68.32228204,44.32383763,survey,1
acmo_nr_2111,acadia_mountain,acmo,no,-68.32228204,44.3237091,survey,1
acmo_nr_2112,acadia_mountain,acmo,no,-68.32228204,44.32358057,survey,1
acmo_nr_2113,acadia_mountain,acmo,no,-68.32228204,44.32345204,survey,1
acmo_nr_2114,acadia_mountain,acmo,no,-68.32228204,44.32332351,survey,1
acmo_nr_2115,acadia_mountain,acmo,no,-68.32228204,44.32319497,survey,1
acmo_nr_3840,acadia_mountain,acmo,no,-68.31797013,44.32358057,survey,2
acmo_nr_3841,acadia_mountain,acmo,no,-68.31797013,44.32345204,survey,2
acmo_nr_3842,acadia_mountain,acmo,no,-68.31797013,44.32332351,survey,2
acmo_nr_3843,acadia_mountain,acmo,no,-68.31797013,44.32319497,survey,2
acmo_nr_3912,acadia_mountain,acmo,no,-68.31779046,44.32358057,survey,2
acmo_nr_3913,acadia_mountain,acmo,no,-68.31779046,44.32345204,survey,2
acmo_nr_3914,acadia_mountain,acmo,no,-68.31779046,44.32332351,survey,2
acmo_nr_3915,acadia_mountain,acmo,no,-68.31779046,44.32319497,survey,2
acmo_nr_3984,acadia_mountain,acmo,no,-68.3176108,44.32358057,survey,2
acmo_nr_3985,acadia_mountain,acmo,no,-68.3176108,44.32345204,survey,2
acmo_nr_3986,acadia_mountain,acmo,no,-68.3176108,44.32332351,survey,2
acmo_nr_3987,acadia_mountain,acmo,no,-68.3176108,44.32319497,survey,2
acmo_nr_4054,acadia_mountain,acmo,no,-68.31743114,44.32383763,survey,2
acmo_nr_4055,acadia_mountain,acmo,no,-68.31743114,44.3237091,survey,2
acmo_nr_4056,acadia_mountain,acmo,no,-68.31743114,44.32358057,survey,2
acmo_nr_4057,acadia_mountain,acmo,no,-68.31743114,44.32345204,survey,2
acmo_nr_4058,acadia_mountain,acmo,no,-68.31743114,44.32332351,survey,2
acmo_nr_4059,acadia_mountain,acmo,no,-68.31743114,44.32319497,survey,2
acmo_nr_4060,acadia_mountain,acmo,no,-68.31743114,44.32306644,survey,2
acmo_nr_4061,acadia_mountain,acmo,no,-68.31743114,44.32293791,survey,2
acmo_nr_4062,acadia_mountain,acmo,no,-68.31743114,44.32280937,survey,2
acmo_nr_4063,acadia_mountain,acmo,no,-68.31743114,44.32268084,survey,2
acmo_nr_4064,acadia_mountain,acmo,no,-68.31743114,44.32255231,survey,2
acmo_nr_4065,acadia_mountain,acmo,no,-68.31743114,44.32242377,survey,2
acmo_nr_4126,acadia_mountain,acmo,no,-68.31725147,44.32383763,survey,2
acmo_nr_4127,acadia_mountain,acmo,no,-68.31725147,44.3237091,survey,2
acmo_nr_4128,acadia_mountain,acmo,no,-68.31725147,44.32358057,survey,2
acmo_nr_4129,acadia_mountain,acmo,no,-68.31725147,44.32345204,survey,2
acmo_nr_4130,acadia_mountain,acmo,no,-68.31725147,44.32332351,survey,2
acmo_nr_4131,acadia_mountain,acmo,no,-68.31725147,44.32319497,survey,2
acmo_nr_4132,acadia_mountain,acmo,no,-68.31725147,44.32306644,survey,2
acmo_nr_4133,acadia_mountain,acmo,no,-68.31725147,44.32293791,survey,2
acmo_nr_4134,acadia_mountain,acmo,no,-68.31725147,44.32280937,survey,2
acmo_nr_4135,acadia_mountain,acmo,no,-68.31725147,44.32268084,survey,2
acmo_nr_4136,acadia_mountain,acmo,no,-68.31725147,44.32255231,survey,2
acmo_nr_4137,acadia_mountain,acmo,no,-68.31725147,44.32242377,survey,2
acmo_nr_4198,acadia_mountain,acmo,no,-68.31707181,44.32383763,survey,2
acmo_nr_4199,acadia_mountain,acmo,no,-68.31707181,44.3237091,survey,2
acmo_nr_4200,acadia_mountain,acmo,no,-68.31707181,44.32358057,survey,2
acmo_nr_4201,acadia_mountain,acmo,no,-68.31707181,44.32345204,survey,2
acmo_nr_4202,acadia_mountain,acmo,no,-68.31707181,44.32332351,survey,2
acmo_nr_4203,acadia_mountain,acmo,no,-68.31707181,44.32319497,survey,2
acmo_nr_4204,acadia_mountain,acmo,no,-68.31707181,44.32306644,survey,2
acmo_nr_4205,acadia_mountain,acmo,no,-68.31707181,44.32293791,survey,2
acmo_nr_4206,acadia_mountain,acmo,no,-68.31707181,44.32280937,survey,2
acmo_nr_4207,acadia_mountain,acmo,no,-68.31707181,44.32268084,survey,2
acmo_nr_4208,acadia_mountain,acmo,no,-68.31707181,44.32255231,survey,2
acmo_nr_4270,acadia_mountain,acmo,no,-68.31689215,44.32383763,survey,2
acmo_nr_4271,acadia_mountain,acmo,no,-68.31689215,44.3237091,survey,2
acmo_nr_4272,acadia_mountain,acmo,no,-68.31689215,44.32358057,survey,2
acmo_nr_4273,acadia_mountain,acmo,no,-68.31689215,44.32345204,survey,2
acmo_nr_4274,acadia_mountain,acmo,no,-68.31689215,44.32332351,survey,2
acmo_nr_4277,acadia_mountain,acmo,no,-68.31689215,44.32293791,survey,2
acmo_nr_4278,acadia_mountain,acmo,no,-68.31689215,44.32280937,survey,2
acmo_nr_4279,acadia_mountain,acmo,no,-68.31689215,44.32268084,survey,2
acmo_nr_4280,acadia_mountain,acmo,no,-68.31689215,44.32255231,survey,2
acmo_nr_4351,acadia_mountain,acmo,no,-68.31671248,44.32268084,survey,2
acmo_nr_4352,acadia_mountain,acmo,no,-68.31671248,44.32255231,survey,2
acmo_nr_4353,acadia_mountain,acmo,no,-68.31671248,44.32242377,survey,2
acmo_nr_4422,acadia_mountain,acmo,no,-68.31653282,44.32280937,survey,2
acmo_nr_4423,acadia_mountain,acmo,no,-68.31653282,44.32268084,survey,2
acmo_nr_4424,acadia_mountain,acmo,no,-68.31653282,44.32255231,survey,2
acmo_nr_4425,acadia_mountain,acmo,no,-68.31653282,44.32242377,survey,2
acmo_nr_4494,acadia_mountain,acmo,no,-68.31635316,44.32280937,survey,2
acmo_nr_4495,acadia_mountain,acmo,no,-68.31635316,44.32268084,survey,2
acmo_nr_4496,acadia_mountain,acmo,no,-68.31635316,44.32255231,survey,2
acmo_nr_4497,acadia_mountain,acmo,no,-68.31635316,44.32242377,survey,2
acmo_nr_4568,acadia_mountain,acmo,no,-68.31617349,44.32255231,survey,2
bemo_nr_154,bernard_mountain,bemo,no,-68.37265118,44.30337197,survey,1
bemo_nr_155,bernard_mountain,bemo,no,-68.37265118,44.3032434,survey,1
bemo_nr_196,bernard_mountain,bemo,no,-68.37247152,44.30337197,survey,1
bemo_nr_197,bernard_mountain,bemo,no,-68.37247152,44.3032434,survey,1
bemo_nr_198,bernard_mountain,bemo,no,-68.37247152,44.30311482,survey,1
bemo_nr_239,bernard_mountain,bemo,no,-68.37229186,44.3032434,survey,1
bemo_nr_240,bernard_mountain,bemo,no,-68.37229186,44.30311482,survey,1
bemo_nr_281,bernard_mountain,bemo,no,-68.37211219,44.3032434,survey,1
bemo_nr_282,bernard_mountain,bemo,no,-68.37211219,44.30311482,survey,1
bemo_nr_324,bernard_mountain,bemo,no,-68.37193253,44.30311482,survey,1
bemo_nr_366,bernard_mountain,bemo,no,-68.37175287,44.30311482,survey,1
bemo_nr_811,bernard_mountain,bemo,no,-68.36977658,44.30530058,survey,2
bemo_nr_853,bernard_mountain,bemo,no,-68.36959691,44.30530058,survey,2
bemo_nr_854,bernard_mountain,bemo,no,-68.36959691,44.30517201,survey,2
bemo_nr_894,bernard_mountain,bemo,no,-68.36941725,44.30542916,survey,2
bemo_nr_895,bernard_mountain,bemo,no,-68.36941725,44.30530058,survey,2
bemo_nr_896,bernard_mountain,bemo,no,-68.36941725,44.30517201,survey,2
bemo_nr_941,bernard_mountain,bemo,no,-68.36923759,44.30478629,survey,2
bemo_nr_942,bernard_mountain,bemo,no,-68.36923759,44.30465772,survey,2
bemo_nr_943,bernard_mountain,bemo,no,-68.36923759,44.30452915,survey,2
bemo_nr_944,bernard_mountain,bemo,no,-68.36923759,44.30440057,survey,2
bemo_nr_984,bernard_mountain,bemo,no,-68.36905792,44.30465772,survey,2
bemo_nr_985,bernard_mountain,bemo,no,-68.36905792,44.30452915,survey,2
bemo_nr_986,bernard_mountain,bemo,no,-68.36905792,44.30440057,survey,2
bemo_nr_987,bernard_mountain,bemo,no,-68.36905792,44.304272,survey,2
bemo_nr_988,bernard_mountain,bemo,no,-68.36905792,44.30414343,survey,2
bemo_nr_1027,bernard_mountain,bemo,no,-68.36887826,44.30452915,survey,2
bemo_nr_1028,bernard_mountain,bemo,no,-68.36887826,44.30440057,survey,2
bemo_nr_1029,bernard_mountain,bemo,no,-68.36887826,44.304272,survey,2
bemo_nr_1030,bernard_mountain,bemo,no,-68.36887826,44.30414343,survey,2
bmis_r_892,big_moose_island,bmis,yes,-68.06699396,44.3362364,survey,1
bmis_r_893,big_moose_island,bmis,yes,-68.06699396,44.33610789,backup,1
bmis_r_894,big_moose_island,bmis,yes,-68.06699396,44.33597939,survey,1
bmis_r_986,big_moose_island,bmis,yes,-68.0668143,44.33610789,survey,1
bmis_r_987,big_moose_island,bmis,yes,-68.0668143,44.33597939,survey,1
bmis_r_988,big_moose_island,bmis,yes,-68.0668143,44.33585088,survey,1
bmis_r_1080,big_moose_island,bmis,yes,-68.06663464,44.33597939,survey,1
bmis_r_1081,big_moose_island,bmis,yes,-68.06663464,44.33585088,survey,1
bmis_r_1174,big_moose_island,bmis,yes,-68.06645497,44.33585088,survey,1
bmis_r_1175,big_moose_island,bmis,yes,-68.06645497,44.33572238,survey,1
bmis_r_1176,big_moose_island,bmis,yes,-68.06645497,44.33559387,backup,1
bmis_r_1269,big_moose_island,bmis,yes,-68.06627531,44.33559387,survey,1
bmis_r_1270,big_moose_island,bmis,yes,-68.06627531,44.33546537,survey,1
bmis_r_1363,big_moose_island,bmis,yes,-68.06609565,44.33546537,survey,1
bmis_r_1364,big_moose_island,bmis,yes,-68.06609565,44.33533686,backup,1
bmis_r_1457,big_moose_island,bmis,yes,-68.06591599,44.33533686,survey,1
bmis_r_1458,big_moose_island,bmis,yes,-68.06591599,44.33520835,survey,1
bmis_r_1551,big_moose_island,bmis,yes,-68.06573632,44.33520835,survey,1
bmis_r_1552,big_moose_island,bmis,yes,-68.06573632,44.33507985,survey,1
bmis_r_1645,big_moose_island,bmis,yes,-68.06555666,44.33507985,backup,1
bmis_r_1646,big_moose_island,bmis,yes,-68.06555666,44.33495134,survey,1
bmis_r_1739,big_moose_island,bmis,yes,-68.065377,44.33495134,survey,1
bmis_r_1833,big_moose_island,bmis,yes,-68.06519733,44.33482283,survey,1
bmis_r_1834,big_moose_island,bmis,yes,-68.06519733,44.33469433,backup,1
bmis_r_1927,big_moose_island,bmis,yes,-68.06501767,44.33469433,survey,1
bmis_r_1928,big_moose_island,bmis,yes,-68.06501767,44.33456582,survey,1
bmis_r_2021,big_moose_island,bmis,yes,-68.06483801,44.33456582,survey,1
bmis_r_2022,big_moose_island,bmis,yes,-68.06483801,44.33443731,survey,1
bmis_r_2115,big_moose_island,bmis,yes,-68.06465834,44.33443731,survey,1
bmis_r_2116,big_moose_island,bmis,yes,-68.06465834,44.3343088,survey,1
bmis_r_2209,big_moose_island,bmis,yes,-68.06447868,44.3343088,survey,2
bmis_r_2210,big_moose_island,bmis,yes,-68.06447868,44.33418029,backup,2
bmis_r_2302,big_moose_island,bmis,yes,-68.06429902,44.3343088,survey,2
bmis_r_2303,big_moose_island,bmis,yes,-68.06429902,44.33418029,backup,2
bmis_r_2304,big_moose_island,bmis,yes,-68.06429902,44.33405179,survey,2
bmis_r_2396,big_moose_island,bmis,yes,-68.06411936,44.33418029,survey,2
bmis_r_2397,big_moose_island,bmis,yes,-68.06411936,44.33405179,survey,2
bmis_r_2489,big_moose_island,bmis,yes,-68.06393969,44.33418029,survey,2
bmis_r_2490,big_moose_island,bmis,yes,-68.06393969,44.33405179,survey,2
bmis_r_2491,big_moose_island,bmis,yes,-68.06393969,44.33392328,survey,2
bmis_r_2583,big_moose_island,bmis,yes,-68.06376003,44.33405179,survey,2
bmis_r_2584,big_moose_island,bmis,yes,-68.06376003,44.33392328,survey,2
bmis_r_2585,big_moose_island,bmis,yes,-68.06376003,44.33379477,survey,2
bmis_r_2586,big_moose_island,bmis,yes,-68.06376003,44.33366626,survey,2
bmis_r_2677,big_moose_island,bmis,yes,-68.06358037,44.33392328,survey,2
bmis_r_2678,big_moose_island,bmis,yes,-68.06358037,44.33379477,survey,2
bmis_r_2679,big_moose_island,bmis,yes,-68.06358037,44.33366626,backup,2
bmis_r_2771,big_moose_island,bmis,yes,-68.0634007,44.33379477,survey,2
bmis_r_2772,big_moose_island,bmis,yes,-68.0634007,44.33366626,backup,2
bmis_r_2773,big_moose_island,bmis,yes,-68.0634007,44.33353775,survey,2
bmis_r_2866,big_moose_island,bmis,yes,-68.06322104,44.33353775,survey,2
bmis_r_2867,big_moose_island,bmis,yes,-68.06322104,44.33340924,survey,2
bmis_r_2959,big_moose_island,bmis,yes,-68.06304138,44.33353775,survey,2
bmis_r_2960,big_moose_island,bmis,yes,-68.06304138,44.33340924,survey,2
bmis_r_3053,big_moose_island,bmis,yes,-68.06286171,44.33340924,survey,2
bmis_r_3054,big_moose_island,bmis,yes,-68.06286171,44.33328073,backup,2
bmis_r_3146,big_moose_island,bmis,yes,-68.06268205,44.33340924,survey,2
bmis_r_3147,big_moose_island,bmis,yes,-68.06268205,44.33328073,survey,2
bmis_r_3240,big_moose_island,bmis,yes,-68.06250239,44.33328073,survey,2
bmis_r_3241,big_moose_island,bmis,yes,-68.06250239,44.33315222,survey,2
bmis_r_3333,big_moose_island,bmis,yes,-68.06232272,44.33328073,survey,3
bmis_r_3334,big_moose_island,bmis,yes,-68.06232272,44.33315222,survey,3
bmis_r_3425,big_moose_island,bmis,yes,-68.06214306,44.33340924,survey,3
bmis_r_3426,big_moose_island,bmis,yes,-68.06214306,44.33328073,survey,3
bmis_r_3427,big_moose_island,bmis,yes,-68.06214306,44.33315222,survey,3
bmis_r_3428,big_moose_island,bmis,yes,-68.06214306,44.3330237,survey,3
bmis_r_3515,big_moose_island,bmis,yes,-68.0619634,44.33379477,survey,3
bmis_r_3516,big_moose_island,bmis,yes,-68.0619634,44.33366626,survey,3
bmis_r_3517,big_moose_island,bmis,yes,-68.0619634,44.33353775,backup,3
bmis_r_3518,big_moose_island,bmis,yes,-68.0619634,44.33340924,survey,3
bmis_r_3519,big_moose_island,bmis,yes,-68.0619634,44.33328073,survey,3
bmis_r_3520,big_moose_island,bmis,yes,-68.0619634,44.33315222,backup,3
bmis_r_3521,big_moose_island,bmis,yes,-68.0619634,44.3330237,survey,3
bmis_r_3522,big_moose_island,bmis,yes,-68.0619634,44.33289519,survey,4
bmis_r_3608,big_moose_island,bmis,yes,-68.06178374,44.33379477,survey,3
bmis_r_3609,big_moose_island,bmis,yes,-68.06178374,44.33366626,survey,3
bmis_r_3610,big_moose_island,bmis,yes,-68.06178374,44.33353775,survey,3
bmis_r_3611,big_moose_island,bmis,yes,-68.06178374,44.33340924,survey,3
bmis_r_3612,big_moose_island,bmis,yes,-68.06178374,44.33328073,survey,3
bmis_r_3613,big_moose_island,bmis,yes,-68.06178374,44.33315222,backup,3
bmis_r_3614,big_moose_island,bmis,yes,-68.06178374,44.3330237,survey,3
bmis_r_3615,big_moose_island,bmis,yes,-68.06178374,44.33289519,backup,4
bmis_r_3701,big_moose_island,bmis,yes,-68.06160407,44.33379477,survey,3
bmis_r_3702,big_moose_island,bmis,yes,-68.06160407,44.33366626,survey,3
bmis_r_3703,big_moose_island,bmis,yes,-68.06160407,44.33353775,backup,3
bmis_r_3704,big_moose_island,bmis,yes,-68.06160407,44.33340924,backup,3
bmis_r_3705,big_moose_island,bmis,yes,-68.06160407,44.33328073,survey,3
bmis_r_3706,big_moose_island,bmis,yes,-68.06160407,44.33315222,survey,3
bmis_r_3707,big_moose_island,bmis,yes,-68.06160407,44.3330237,survey,4
bmis_r_3708,big_moose_island,bmis,yes,-68.06160407,44.33289519,survey,4
bmis_r_3709,big_moose_island,bmis,yes,-68.06160407,44.33276668,survey,4
bmis_r_3794,big_moose_island,bmis,yes,-68.06142441,44.33379477,survey,3
bmis_r_3795,big_moose_island,bmis,yes,-68.06142441,44.33366626,survey,3
bmis_r_3796,big_moose_island,bmis,yes,-68.06142441,44.33353775,survey,3
bmis_r_3797,big_moose_island,bmis,yes,-68.06142441,44.33340924,survey,3
bmis_r_3802,big_moose_island,bmis,yes,-68.06142441,44.33276668,backup,4
bmis_r_3803,big_moose_island,bmis,yes,-68.06142441,44.33263817,survey,4
bmis_r_3895,big_moose_island,bmis,yes,-68.06124475,44.33276668,survey,4
bmis_r_3896,big_moose_island,bmis,yes,-68.06124475,44.33263817,backup,4
bmis_r_3989,big_moose_island,bmis,yes,-68.06106508,44.33263817,survey,4
bmis_r_4082,big_moose_island,bmis,yes,-68.06088542,44.33263817,survey,4
bmis_r_4175,big_moose_island,bmis,yes,-68.06070576,44.33263817,survey,4
bmis_r_4176,big_moose_island,bmis,yes,-68.06070576,44.33250966,survey,4
bmis_r_4268,big_moose_island,bmis,yes,-68.06052609,44.33263817,survey,4
bmis_r_4269,big_moose_island,bmis,yes,-68.06052609,44.33250966,survey,4
bmis_r_4360,big_moose_island,bmis,yes,-68.06034643,44.33276668,survey,4
bmis_r_4361,big_moose_island,bmis,yes,-68.06034643,44.33263817,survey,4
bmis_r_4362,big_moose_island,bmis,yes,-68.06034643,44.33250966,survey,4
bmis_r_4453,big_moose_island,bmis,yes,-68.06016677,44.33276668,survey,4
bmis_r_4454,big_moose_island,bmis,yes,-68.06016677,44.33263817,survey,4
bmis_r_4455,big_moose_island,bmis,yes,-68.06016677,44.33250966,survey,4
bmis_r_4546,big_moose_island,bmis,yes,-68.0599871,44.33276668,survey,4
bmis_r_4547,big_moose_island,bmis,yes,-68.0599871,44.33263817,survey,4
bmis_r_4548,big_moose_island,bmis,yes,-68.0599871,44.33250966,survey,4
bmis_r_4639,big_moose_island,bmis,yes,-68.05980744,44.33276668,backup,4
bmis_r_4640,big_moose_island,bmis,yes,-68.05980744,44.33263817,survey,4
bmis_r_4641,big_moose_island,bmis,yes,-68.05980744,44.33250966,survey,4
bmis_r_4735,big_moose_island,bmis,yes,-68.05962778,44.33238115,survey,4
bmis_r_4828,big_moose_island,bmis,yes,-68.05944812,44.33238115,survey,4
bmis_r_4921,big_moose_island,bmis,yes,-68.05926845,44.33238115,backup,4
caba_nr_28,cadillac_base,caba,no,-68.23293265,44.38285681,backup,1
caba_nr_51,cadillac_base,caba,no,-68.23275299,44.38298521,survey,1
caba_nr_52,cadillac_base,caba,no,-68.23275299,44.38285681,survey,1
caba_nr_53,cadillac_base,caba,no,-68.23275299,44.38272841,survey,1
caba_nr_54,cadillac_base,caba,no,-68.23275299,44.38260001,survey,1
caba_nr_74,cadillac_base,caba,no,-68.23257333,44.38311361,backup,1
caba_nr_75,cadillac_base,caba,no,-68.23257333,44.38298521,survey,1
caba_nr_76,cadillac_base,caba,no,-68.23257333,44.38285681,survey,1
caba_nr_77,cadillac_base,caba,no,-68.23257333,44.38272841,survey,1
caba_nr_78,cadillac_base,caba,no,-68.23257333,44.38260001,survey,1
caba_nr_79,cadillac_base,caba,no,-68.23257333,44.3824716,survey,1
caba_nr_99,cadillac_base,caba,no,-68.23239367,44.38298521,survey,1
caba_nr_101,cadillac_base,caba,no,-68.23239367,44.38272841,survey,1
caba_nr_102,cadillac_base,caba,no,-68.23239367,44.38260001,survey,1
caba_nr_103,cadillac_base,caba,no,-68.23239367,44.3824716,survey,1
caba_nr_122,cadillac_base,caba,no,-68.232214,44.38311361,survey,1
caba_nr_123,cadillac_base,caba,no,-68.232214,44.38298521,survey,1
caba_nr_124,cadillac_base,caba,no,-68.232214,44.38285681,survey,1
caba_nr_125,cadillac_base,caba,no,-68.232214,44.38272841,survey,1
caba_nr_126,cadillac_base,caba,no,-68.232214,44.38260001,survey,1
caba_nr_127,cadillac_base,caba,no,-68.232214,44.3824716,survey,1
caba_nr_146,cadillac_base,caba,no,-68.23203434,44.38311361,survey,1
caba_nr_147,cadillac_base,caba,no,-68.23203434,44.38298521,survey,1
caba_nr_148,cadillac_base,caba,no,-68.23203434,44.38285681,survey,1
caba_nr_149,cadillac_base,caba,no,-68.23203434,44.38272841,backup,1
caba_nr_169,cadillac_base,caba,no,-68.23185468,44.38324201,backup,1
caba_nr_170,cadillac_base,caba,no,-68.23185468,44.38311361,survey,1
caba_nr_171,cadillac_base,caba,no,-68.23185468,44.38298521,survey,1
caba_nr_172,cadillac_base,caba,no,-68.23185468,44.38285681,survey,1
caba_nr_173,cadillac_base,caba,no,-68.23185468,44.38272841,backup,1
caba_nr_107,cadillac_base,caba,no,-68.23239367,44.38195799,backup,2
caba_nr_108,cadillac_base,caba,no,-68.23239367,44.38182959,backup,2
caba_nr_109,cadillac_base,caba,no,-68.23239367,44.38170118,survey,2
caba_nr_110,cadillac_base,caba,no,-68.23239367,44.38157278,survey,2
caba_nr_111,cadillac_base,caba,no,-68.23239367,44.38144437,survey,2
caba_nr_112,cadillac_base,caba,no,-68.23239367,44.38131597,survey,2
caba_nr_130,cadillac_base,caba,no,-68.232214,44.38208639,backup,2
caba_nr_131,cadillac_base,caba,no,-68.232214,44.38195799,survey,2
caba_nr_132,cadillac_base,caba,no,-68.232214,44.38182959,survey,2
caba_nr_133,cadillac_base,caba,no,-68.232214,44.38170118,survey,2
caba_nr_134,cadillac_base,caba,no,-68.232214,44.38157278,survey,2
caba_nr_135,cadillac_base,caba,no,-68.232214,44.38144437,survey,2
caba_nr_136,cadillac_base,caba,no,-68.232214,44.38131597,survey,2
caba_nr_137,cadillac_base,caba,no,-68.232214,44.38118756,survey,2
caba_nr_154,cadillac_base,caba,no,-68.23203434,44.38208639,backup,2
caba_nr_155,cadillac_base,caba,no,-68.23203434,44.38195799,survey,2
caba_nr_156,cadillac_base,caba,no,-68.23203434,44.38182959,survey,2
caba_nr_157,cadillac_base,caba,no,-68.23203434,44.38170118,survey,2
caba_nr_158,cadillac_base,caba,no,-68.23203434,44.38157278,survey,2
caba_nr_159,cadillac_base,caba,no,-68.23203434,44.38144437,survey,2
caba_nr_160,cadillac_base,caba,no,-68.23203434,44.38131597,survey,2
caba_nr_161,cadillac_base,caba,no,-68.23203434,44.38118756,survey,2
caba_nr_178,cadillac_base,caba,no,-68.23185468,44.38208639,backup,2
caba_nr_179,cadillac_base,caba,no,-68.23185468,44.38195799,survey,2
caba_nr_180,cadillac_base,caba,no,-68.23185468,44.38182959,survey,2
caba_nr_181,cadillac_base,caba,no,-68.23185468,44.38170118,survey,2
caba_nr_182,cadillac_base,caba,no,-68.23185468,44.38157278,survey,2
caba_nr_183,cadillac_base,caba,no,-68.23185468,44.38144437,survey,2
caba_nr_184,cadillac_base,caba,no,-68.23185468,44.38131597,survey,2
caba_nr_185,cadillac_base,caba,no,-68.23185468,44.38118756,survey,2
caba_nr_227,cadillac_base,caba,no,-68.23149535,44.38195799,backup,3
caba_nr_228,cadillac_base,caba,no,-68.23149535,44.38182959,survey,3
caba_nr_229,cadillac_base,caba,no,-68.23149535,44.38170118,survey,3
caba_nr_230,cadillac_base,caba,no,-68.23149535,44.38157278,survey,3
caba_nr_231,cadillac_base,caba,no,-68.23149535,44.38144437,survey,3
caba_nr_232,cadillac_base,caba,no,-68.23149535,44.38131597,survey,3
caba_nr_233,cadillac_base,caba,no,-68.23149535,44.38118756,survey,3
caba_nr_250,cadillac_base,caba,no,-68.23131569,44.38208639,backup,3
caba_nr_251,cadillac_base,caba,no,-68.23131569,44.38195799,survey,3
caba_nr_252,cadillac_base,caba,no,-68.23131569,44.38182959,survey,3
caba_nr_253,cadillac_base,caba,no,-68.23131569,44.38170118,survey,3
caba_nr_255,cadillac_base,caba,no,-68.23131569,44.38144437,survey,3
caba_nr_256,cadillac_base,caba,no,-68.23131569,44.38131597,survey,3
caba_nr_257,cadillac_base,caba,no,-68.23131569,44.38118756,survey,3
caba_nr_274,cadillac_base,caba,no,-68.23113602,44.38208639,survey,3
caba_nr_275,cadillac_base,caba,no,-68.23113602,44.38195799,survey,3
caba_nr_276,cadillac_base,caba,no,-68.23113602,44.38182959,survey,3
caba_nr_280,cadillac_base,caba,no,-68.23113602,44.38131597,survey,3
caba_nr_281,cadillac_base,caba,no,-68.23113602,44.38118756,survey,3
caba_nr_299,cadillac_base,caba,no,-68.23095636,44.38195799,backup,3
caba_nr_300,cadillac_base,caba,no,-68.23095636,44.38182959,survey,3
caba_nr_303,cadillac_base,caba,no,-68.23095636,44.38144437,survey,3
caba_nr_304,cadillac_base,caba,no,-68.23095636,44.38131597,survey,3
caba_nr_305,cadillac_base,caba,no,-68.23095636,44.38118756,backup,3
caba_nr_326,cadillac_base,caba,no,-68.2307767,44.38157278,survey,3
caba_nr_327,cadillac_base,caba,no,-68.2307767,44.38144437,survey,3
caba_nr_328,cadillac_base,caba,no,-68.2307767,44.38131597,survey,3
caba_nr_329,cadillac_base,caba,no,-68.2307767,44.38118756,backup,3
caba_nr_351,cadillac_base,caba,no,-68.23059703,44.38144437,survey,3
caba_nr_352,cadillac_base,caba,no,-68.23059703,44.38131597,survey,3
caba_nr_237,cadillac_base,caba,no,-68.23149535,44.38067394,backup,4
caba_nr_260,cadillac_base,caba,no,-68.23131569,44.38080234,survey,4
caba_nr_261,cadillac_base,caba,no,-68.23131569,44.38067394,survey,4
caba_nr_262,cadillac_base,caba,no,-68.23131569,44.38054553,survey,4
caba_nr_284,cadillac_base,caba,no,-68.23113602,44.38080234,survey,4
caba_nr_285,cadillac_base,caba,no,-68.23113602,44.38067394,survey,4
caba_nr_286,cadillac_base,caba,no,-68.23113602,44.38054553,survey,4
caba_nr_308,cadillac_base,caba,no,-68.23095636,44.38080234,survey,4
caba_nr_309,cadillac_base,caba,no,-68.23095636,44.38067394,survey,4
caba_nr_310,cadillac_base,caba,no,-68.23095636,44.38054553,survey,4
caba_nr_332,cadillac_base,caba,no,-68.2307767,44.38080234,survey,4
caba_nr_333,cadillac_base,caba,no,-68.2307767,44.38067394,survey,4
caba_nr_334,cadillac_base,caba,no,-68.2307767,44.38054553,survey,4
caba_nr_356,cadillac_base,caba,no,-68.23059703,44.38080234,survey,4
caba_nr_357,cadillac_base,caba,no,-68.23059703,44.38067394,survey,4
caba_nr_358,cadillac_base,caba,no,-68.23059703,44.38054553,survey,4
caba_nr_359,cadillac_base,caba,no,-68.23059703,44.38041712,survey,4
caba_nr_381,cadillac_base,caba,no,-68.23041737,44.38067394,survey,4
caba_nr_382,cadillac_base,caba,no,-68.23041737,44.38054553,survey,4
caba_nr_383,cadillac_base,caba,no,-68.23041737,44.38041712,survey,4
caba_nr_404,cadillac_base,caba,no,-68.23023771,44.38080234,survey,4
caba_nr_405,cadillac_base,caba,no,-68.23023771,44.38067394,survey,4
caba_nr_406,cadillac_base,caba,no,-68.23023771,44.38054553,survey,4
caba_nr_407,cadillac_base,caba,no,-68.23023771,44.38041712,backup,4
caba_nr_428,cadillac_base,caba,no,-68.23005805,44.38080234,survey,4
caba_nr_429,cadillac_base,caba,no,-68.23005805,44.38067394,survey,4
caba_nr_430,cadillac_base,caba,no,-68.23005805,44.38054553,survey,4
caba_nr_431,cadillac_base,caba,no,-68.23005805,44.38041712,backup,4
caba_nr_454,cadillac_base,caba,no,-68.22987838,44.38054553,backup,4
caba_nr_455,cadillac_base,caba,no,-68.22987838,44.38041712,backup,4
camo_r_331,cadillac_mountain,camo,yes,-68.226514,44.35139775,backup,2
camo_r_332,cadillac_mountain,camo,yes,-68.226514,44.35126928,survey,2
camo_r_378,cadillac_mountain,camo,yes,-68.22633434,44.35165469,backup,2
camo_r_379,cadillac_mountain,camo,yes,-68.22633434,44.35152622,survey,2
camo_r_380,cadillac_mountain,camo,yes,-68.22633434,44.35139775,survey,2
camo_r_381,cadillac_mountain,camo,yes,-68.22633434,44.35126928,survey,2
camo_r_382,cadillac_mountain,camo,yes,-68.22633434,44.35114081,survey,2
camo_r_383,cadillac_mountain,camo,yes,-68.22633434,44.35101234,survey,2
camo_r_385,cadillac_mountain,camo,yes,-68.22633434,44.35075539,backup,2
camo_r_413,cadillac_mountain,camo,yes,-68.22615468,44.35345325,survey,1
camo_r_427,cadillac_mountain,camo,yes,-68.22615468,44.35165469,survey,2
camo_r_428,cadillac_mountain,camo,yes,-68.22615468,44.35152622,survey,2
camo_r_429,cadillac_mountain,camo,yes,-68.22615468,44.35139775,survey,2
camo_r_430,cadillac_mountain,camo,yes,-68.22615468,44.35126928,survey,2
camo_r_431,cadillac_mountain,camo,yes,-68.22615468,44.35114081,survey,2
camo_r_432,cadillac_mountain,camo,yes,-68.22615468,44.35101234,survey,2
camo_r_433,cadillac_mountain,camo,yes,-68.22615468,44.35088387,survey,2
camo_r_434,cadillac_mountain,camo,yes,-68.22615468,44.35075539,backup,2
camo_r_462,cadillac_mountain,camo,yes,-68.22597501,44.35345325,survey,1
camo_r_463,cadillac_mountain,camo,yes,-68.22597501,44.35332478,survey,1
camo_r_464,cadillac_mountain,camo,yes,-68.22597501,44.35319632,survey,1
camo_r_476,cadillac_mountain,camo,yes,-68.22597501,44.35165469,survey,2
camo_r_477,cadillac_mountain,camo,yes,-68.22597501,44.35152622,survey,2
camo_r_478,cadillac_mountain,camo,yes,-68.22597501,44.35139775,survey,2
camo_r_479,cadillac_mountain,camo,yes,-68.22597501,44.35126928,survey,2
camo_r_480,cadillac_mountain,camo,yes,-68.22597501,44.35114081,survey,2
camo_r_481,cadillac_mountain,camo,yes,-68.22597501,44.35101234,survey,2
camo_r_482,cadillac_mountain,camo,yes,-68.22597501,44.35088387,survey,2
camo_r_483,cadillac_mountain,camo,yes,-68.22597501,44.35075539,backup,2
camo_r_502,cadillac_mountain,camo,yes,-68.22579535,44.35460944,backup,1
camo_r_503,cadillac_mountain,camo,yes,-68.22579535,44.35448097,backup,1
camo_r_504,cadillac_mountain,camo,yes,-68.22579535,44.35435251,backup,1
camo_r_505,cadillac_mountain,camo,yes,-68.22579535,44.35422404,survey,1
camo_r_511,cadillac_mountain,camo,yes,-68.22579535,44.35345325,survey,1
camo_r_512,cadillac_mountain,camo,yes,-68.22579535,44.35332478,survey,1
camo_r_513,cadillac_mountain,camo,yes,-68.22579535,44.35319632,survey,1
camo_r_514,cadillac_mountain,camo,yes,-68.22579535,44.35306785,survey,1
camo_r_528,cadillac_mountain,camo,yes,-68.22579535,44.35126928,survey,2
camo_r_529,cadillac_mountain,camo,yes,-68.22579535,44.35114081,survey,2
camo_r_530,cadillac_mountain,camo,yes,-68.22579535,44.35101234,survey,2
camo_r_531,cadillac_mountain,camo,yes,-68.22579535,44.35088387,survey,2
camo_r_532,cadillac_mountain,camo,yes,-68.22579535,44.35075539,survey,2
camo_r_550,cadillac_mountain,camo,yes,-68.22561569,44.3547379,backup,1
camo_r_551,cadillac_mountain,camo,yes,-68.22561569,44.35460944,survey,1
camo_r_552,cadillac_mountain,camo,yes,-68.22561569,44.35448097,survey,1
camo_r_553,cadillac_mountain,camo,yes,-68.22561569,44.35435251,survey,1
camo_r_554,cadillac_mountain,camo,yes,-68.22561569,44.35422404,survey,1
camo_r_555,cadillac_mountain,camo,yes,-68.22561569,44.35409558,survey,1
camo_r_556,cadillac_mountain,camo,yes,-68.22561569,44.35396711,survey,1
camo_r_557,cadillac_mountain,camo,yes,-68.22561569,44.35383865,survey,1
camo_r_560,cadillac_mountain,camo,yes,-68.22561569,44.35345325,survey,1
camo_r_561,cadillac_mountain,camo,yes,-68.22561569,44.35332478,survey,1
camo_r_562,cadillac_mountain,camo,yes,-68.22561569,44.35319632,survey,1
camo_r_563,cadillac_mountain,camo,yes,-68.22561569,44.35306785,survey,1
camo_r_602,cadillac_mountain,camo,yes,-68.22543603,44.35435251,backup,1
camo_r_603,cadillac_mountain,camo,yes,-68.22543603,44.35422404,survey,1
camo_r_604,cadillac_mountain,camo,yes,-68.22543603,44.35409558,survey,1
camo_r_605,cadillac_mountain,camo,yes,-68.22543603,44.35396711,survey,1
camo_r_606,cadillac_mountain,camo,yes,-68.22543603,44.35383865,survey,1
camo_r_607,cadillac_mountain,camo,yes,-68.22543603,44.35371018,survey,1
camo_r_864,cadillac_mountain,camo,yes,-68.22453771,44.35216857,survey,4
camo_r_865,cadillac_mountain,camo,yes,-68.22453771,44.3520401,survey,4
camo_r_866,cadillac_mountain,camo,yes,-68.22453771,44.35191163,survey,4
camo_r_911,cadillac_mountain,camo,yes,-68.22435805,44.35242551,backup,3
camo_r_912,cadillac_mountain,camo,yes,-68.22435805,44.35229704,backup,4
camo_r_913,cadillac_mountain,camo,yes,-68.22435805,44.35216857,survey,4
camo_r_914,cadillac_mountain,camo,yes,-68.22435805,44.3520401,backup,4
camo_r_957,cadillac_mountain,camo,yes,-68.22417838,44.35281091,backup,3
camo_r_958,cadillac_mountain,camo,yes,-68.22417838,44.35268245,survey,3
camo_r_959,cadillac_mountain,camo,yes,-68.22417838,44.35255398,backup,3
camo_r_960,cadillac_mountain,camo,yes,-68.22417838,44.35242551,backup,3
camo_r_961,cadillac_mountain,camo,yes,-68.22417838,44.35229704,backup,4
camo_r_962,cadillac_mountain,camo,yes,-68.22417838,44.35216857,backup,4
camo_r_963,cadillac_mountain,camo,yes,-68.22417838,44.3520401,survey,4
camo_r_1005,cadillac_mountain,camo,yes,-68.22399872,44.35293938,survey,3
camo_r_1006,cadillac_mountain,camo,yes,-68.22399872,44.35281091,backup,3
camo_r_1007,cadillac_mountain,camo,yes,-68.22399872,44.35268245,survey,3
camo_r_1008,cadillac_mountain,camo,yes,-68.22399872,44.35255398,survey,3
camo_r_1009,cadillac_mountain,camo,yes,-68.22399872,44.35242551,survey,3
camo_r_1010,cadillac_mountain,camo,yes,-68.22399872,44.35229704,backup,4
camo_r_1011,cadillac_mountain,camo,yes,-68.22399872,44.35216857,survey,4
camo_r_1012,cadillac_mountain,camo,yes,-68.22399872,44.3520401,backup,4
camo_r_1013,cadillac_mountain,camo,yes,-68.22399872,44.35191163,survey,4
camo_r_1053,cadillac_mountain,camo,yes,-68.22381906,44.35306785,survey,3
camo_r_1054,cadillac_mountain,camo,yes,-68.22381906,44.35293938,survey,3
camo_r_1055,cadillac_mountain,camo,yes,-68.22381906,44.35281091,backup,3
camo_r_1056,cadillac_mountain,camo,yes,-68.22381906,44.35268245,backup,3
camo_r_1057,cadillac_mountain,camo,yes,-68.22381906,44.35255398,survey,3
camo_r_1058,cadillac_mountain,camo,yes,-68.22381906,44.35242551,backup,3
camo_r_1059,cadillac_mountain,camo,yes,-68.22381906,44.35229704,survey,4
camo_r_1060,cadillac_mountain,camo,yes,-68.22381906,44.35216857,backup,4
camo_r_1061,cadillac_mountain,camo,yes,-68.22381906,44.3520401,backup,4
camo_r_1062,cadillac_mountain,camo,yes,-68.22381906,44.35191163,survey,4
camo_r_1101,cadillac_mountain,camo,yes,-68.22363939,44.35319632,backup,3
camo_r_1102,cadillac_mountain,camo,yes,-68.22363939,44.35306785,backup,3
camo_r_1103,cadillac_mountain,camo,yes,-68.22363939,44.35293938,survey,3
camo_r_1104,cadillac_mountain,camo,yes,-68.22363939,44.35281091,backup,3
camo_r_1105,cadillac_mountain,camo,yes,-68.22363939,44.35268245,backup,3
camo_r_1106,cadillac_mountain,camo,yes,-68.22363939,44.35255398,survey,3
camo_r_1107,cadillac_mountain,camo,yes,-68.22363939,44.35242551,backup,3
camo_r_1108,cadillac_mountain,camo,yes,-68.22363939,44.35229704,survey,4
camo_r_1109,cadillac_mountain,camo,yes,-68.22363939,44.35216857,backup,4
camo_r_1110,cadillac_mountain,camo,yes,-68.22363939,44.3520401,backup,4
camo_r_1111,cadillac_mountain,camo,yes,-68.22363939,44.35191163,backup,4
camo_r_1112,cadillac_mountain,camo,yes,-68.22363939,44.35178316,backup,4
camo_r_1113,cadillac_mountain,camo,yes,-68.22363939,44.35165469,survey,4
camo_r_1150,cadillac_mountain,camo,yes,-68.22345973,44.35319632,survey,3
camo_r_1151,cadillac_mountain,camo,yes,-68.22345973,44.35306785,survey,3
camo_r_1152,cadillac_mountain,camo,yes,-68.22345973,44.35293938,backup,3
camo_r_1153,cadillac_mountain,camo,yes,-68.22345973,44.35281091,backup,3
camo_r_1154,cadillac_mountain,camo,yes,-68.22345973,44.35268245,backup,3
camo_r_1155,cadillac_mountain,camo,yes,-68.22345973,44.35255398,survey,3
camo_r_1156,cadillac_mountain,camo,yes,-68.22345973,44.35242551,backup,3
camo_r_1157,cadillac_mountain,camo,yes,-68.22345973,44.35229704,backup,4
camo_r_1158,cadillac_mountain,camo,yes,-68.22345973,44.35216857,backup,4
camo_r_1159,cadillac_mountain,camo,yes,-68.22345973,44.3520401,survey,4
camo_r_1160,cadillac_mountain,camo,yes,-68.22345973,44.35191163,survey,4
camo_r_1161,cadillac_mountain,camo,yes,-68.22345973,44.35178316,survey,4
camo_r_1162,cadillac_mountain,camo,yes,-68.22345973,44.35165469,backup,4
camo_r_1200,cadillac_mountain,camo,yes,-68.22328007,44.35306785,backup,3
camo_r_1201,cadillac_mountain,camo,yes,-68.22328007,44.35293938,survey,3
camo_r_1202,cadillac_mountain,camo,yes,-68.22328007,44.35281091,survey,3
camo_r_1203,cadillac_mountain,camo,yes,-68.22328007,44.35268245,survey,3
camo_r_1204,cadillac_mountain,camo,yes,-68.22328007,44.35255398,survey,3
camo_r_1205,cadillac_mountain,camo,yes,-68.22328007,44.35242551,backup,3
camo_r_1206,cadillac_mountain,camo,yes,-68.22328007,44.35229704,survey,4
camo_r_1207,cadillac_mountain,camo,yes,-68.22328007,44.35216857,backup,4
camo_r_1208,cadillac_mountain,camo,yes,-68.22328007,44.3520401,backup,4
camo_r_1209,cadillac_mountain,camo,yes,-68.22328007,44.35191163,backup,4
camo_r_1210,cadillac_mountain,camo,yes,-68.22328007,44.35178316,backup,4
camo_r_1211,cadillac_mountain,camo,yes,-68.22328007,44.35165469,survey,4
camo_r_1252,cadillac_mountain,camo,yes,-68.22310041,44.35268245,backup,3
camo_r_1253,cadillac_mountain,camo,yes,-68.22310041,44.35255398,survey,3
camo_r_1254,cadillac_mountain,camo,yes,-68.22310041,44.35242551,backup,3
camo_r_1255,cadillac_mountain,camo,yes,-68.22310041,44.35229704,survey,4
camo_r_1256,cadillac_mountain,camo,yes,-68.22310041,44.35216857,survey,4
camo_r_1257,cadillac_mountain,camo,yes,-68.22310041,44.3520401,backup,4
camo_r_1258,cadillac_mountain,camo,yes,-68.22310041,44.35191163,survey,4
camo_r_1259,cadillac_mountain,camo,yes,-68.22310041,44.35178316,backup,4
camo_r_1260,cadillac_mountain,camo,yes,-68.22310041,44.35165469,survey,4
camo_r_1301,cadillac_mountain,camo,yes,-68.22292074,44.35268245,survey,3
camo_r_1302,cadillac_mountain,camo,yes,-68.22292074,44.35255398,survey,3
camo_r_1303,cadillac_mountain,camo,yes,-68.22292074,44.35242551,survey,3
camo_r_1304,cadillac_mountain,camo,yes,-68.22292074,44.35229704,survey,4
camo_r_1305,cadillac_mountain,camo,yes,-68.22292074,44.35216857,backup,4
camo_r_1306,cadillac_mountain,camo,yes,-68.22292074,44.3520401,survey,4
camo_r_1307,cadillac_mountain,camo,yes,-68.22292074,44.35191163,survey,4
camo_r_1350,cadillac_mountain,camo,yes,-68.22274108,44.35268245,survey,3
camo_r_1351,cadillac_mountain,camo,yes,-68.22274108,44.35255398,survey,3
camo_r_1352,cadillac_mountain,camo,yes,-68.22274108,44.35242551,survey,3
camo_r_1353,cadillac_mountain,camo,yes,-68.22274108,44.35229704,survey,4
camo_r_1354,cadillac_mountain,camo,yes,-68.22274108,44.35216857,backup,4
camo_r_1355,cadillac_mountain,camo,yes,-68.22274108,44.3520401,survey,4
camo_r_1399,cadillac_mountain,camo,yes,-68.22256142,44.35268245,survey,3
camo_r_1400,cadillac_mountain,camo,yes,-68.22256142,44.35255398,backup,3
camo_r_1401,cadillac_mountain,camo,yes,-68.22256142,44.35242551,backup,3
camo_r_1402,cadillac_mountain,camo,yes,-68.22256142,44.35229704,backup,4
camo_r_1403,cadillac_mountain,camo,yes,-68.22256142,44.35216857,backup,4
camo_r_1404,cadillac_mountain,camo,yes,-68.22256142,44.3520401,backup,4
otpo_r_2983,otter_point,otpo,yes,-68.19060831,44.31324189,survey,1
otpo_r_3060,otter_point,otpo,yes,-68.19042865,44.31311334,survey,1
otpo_r_3136,otter_point,otpo,yes,-68.19024899,44.31311334,survey,1
otpo_r_3137,otter_point,otpo,yes,-68.19024899,44.31298478,survey,1
otpo_r_3139,otter_point,otpo,yes,-68.19024899,44.31272767,survey,1
otpo_r_3140,otter_point,otpo,yes,-68.19024899,44.31259912,survey,1
otpo_r_3141,otter_point,otpo,yes,-68.19024899,44.31247056,survey,1
otpo_r_3142,otter_point,otpo,yes,-68.19024899,44.312342,survey,1
otpo_r_3213,otter_point,otpo,yes,-68.19006932,44.31298478,survey,1
otpo_r_3214,otter_point,otpo,yes,-68.19006932,44.31285623,survey,1
otpo_r_3215,otter_point,otpo,yes,-68.19006932,44.31272767,survey,1
otpo_r_3216,otter_point,otpo,yes,-68.19006932,44.31259912,survey,1
otpo_r_3217,otter_point,otpo,yes,-68.19006932,44.31247056,survey,1
otpo_r_3218,otter_point,otpo,yes,-68.19006932,44.312342,survey,1
otpo_r_3291,otter_point,otpo,yes,-68.18988966,44.31272767,survey,1
otpo_r_3295,otter_point,otpo,yes,-68.18988966,44.31221345,survey,1
otpo_r_3371,otter_point,otpo,yes,-68.18971,44.31221345,survey,1
otpo_r_3408,otter_point,otpo,yes,-68.18971,44.30745665,survey,4
otpo_r_3448,otter_point,otpo,yes,-68.18953033,44.31208489,survey,1
otpo_r_3449,otter_point,otpo,yes,-68.18953033,44.31195633,survey,1
otpo_r_3450,otter_point,otpo,yes,-68.18953033,44.31182778,survey,1
otpo_r_3451,otter_point,otpo,yes,-68.18953033,44.31169922,survey,1
otpo_r_3452,otter_point,otpo,yes,-68.18953033,44.31157066,survey,2
otpo_r_3453,otter_point,otpo,yes,-68.18953033,44.3114421,survey,2
otpo_r_3454,otter_point,otpo,yes,-68.18953033,44.31131354,survey,2
otpo_r_3455,otter_point,otpo,yes,-68.18953033,44.31118498,survey,2
otpo_r_3465,otter_point,otpo,yes,-68.18953033,44.30989938,survey,3
otpo_r_3466,otter_point,otpo,yes,-68.18953033,44.30977082,survey,3
otpo_r_3467,otter_point,otpo,yes,-68.18953033,44.30964225,survey,3
otpo_r_3468,otter_point,otpo,yes,-68.18953033,44.30951369,survey,3
otpo_r_3469,otter_point,otpo,yes,-68.18953033,44.30938513,survey,3
otpo_r_3483,otter_point,otpo,yes,-68.18953033,44.30758522,survey,4
otpo_r_3484,otter_point,otpo,yes,-68.18953033,44.30745665,survey,4
otpo_r_3525,otter_point,otpo,yes,-68.18935067,44.31195633,survey,1
otpo_r_3526,otter_point,otpo,yes,-68.18935067,44.31182778,survey,1
otpo_r_3527,otter_point,otpo,yes,-68.18935067,44.31169922,survey,1
otpo_r_3528,otter_point,otpo,yes,-68.18935067,44.31157066,survey,2
otpo_r_3529,otter_point,otpo,yes,-68.18935067,44.3114421,survey,2
otpo_r_3530,otter_point,otpo,yes,-68.18935067,44.31131354,survey,2
otpo_r_3531,otter_point,otpo,yes,-68.18935067,44.31118498,survey,2
otpo_r_3532,otter_point,otpo,yes,-68.18935067,44.31105642,survey,2
otpo_r_3537,otter_point,otpo,yes,-68.18935067,44.31041362,survey,2
otpo_r_3538,otter_point,otpo,yes,-68.18935067,44.31028506,survey,2
otpo_r_3539,otter_point,otpo,yes,-68.18935067,44.3101565,survey,2
otpo_r_3540,otter_point,otpo,yes,-68.18935067,44.31002794,survey,2
otpo_r_3541,otter_point,otpo,yes,-68.18935067,44.30989938,survey,3
otpo_r_3542,otter_point,otpo,yes,-68.18935067,44.30977082,survey,3
otpo_r_3543,otter_point,otpo,yes,-68.18935067,44.30964225,survey,3
otpo_r_3544,otter_point,otpo,yes,-68.18935067,44.30951369,survey,3
otpo_r_3545,otter_point,otpo,yes,-68.18935067,44.30938513,survey,3
otpo_r_3546,otter_point,otpo,yes,-68.18935067,44.30925657,survey,3
otpo_r_3557,otter_point,otpo,yes,-68.18935067,44.30784235,survey,4
otpo_r_3558,otter_point,otpo,yes,-68.18935067,44.30771379,survey,4
otpo_r_3603,otter_point,otpo,yes,-68.18917101,44.31169922,survey,2
otpo_r_3606,otter_point,otpo,yes,-68.18917101,44.31131354,survey,2
otpo_r_3607,otter_point,otpo,yes,-68.18917101,44.31118498,survey,2
otpo_r_3608,otter_point,otpo,yes,-68.18917101,44.31105642,survey,2
otpo_r_3613,otter_point,otpo,yes,-68.18917101,44.31041362,survey,2
otpo_r_3614,otter_point,otpo,yes,-68.18917101,44.31028506,survey,2
otpo_r_3615,otter_point,otpo,yes,-68.18917101,44.3101565,survey,2
otpo_r_3616,otter_point,otpo,yes,-68.18917101,44.31002794,survey,2
otpo_r_3617,otter_point,otpo,yes,-68.18917101,44.30989938,survey,3
otpo_r_3618,otter_point,otpo,yes,-68.18917101,44.30977082,survey,3
otpo_r_3619,otter_point,otpo,yes,-68.18917101,44.30964225,survey,3
otpo_r_3620,otter_point,otpo,yes,-68.18917101,44.30951369,survey,3
otpo_r_3621,otter_point,otpo,yes,-68.18917101,44.30938513,survey,3
otpo_r_3622,otter_point,otpo,yes,-68.18917101,44.30925657,survey,3
otpo_r_3623,otter_point,otpo,yes,-68.18917101,44.309128,survey,3
otpo_r_3627,otter_point,otpo,yes,-68.18917101,44.30861375,survey,4
otpo_r_3628,otter_point,otpo,yes,-68.18917101,44.30848518,survey,4
otpo_r_3629,otter_point,otpo,yes,-68.18917101,44.30835662,survey,4
otpo_r_3630,otter_point,otpo,yes,-68.18917101,44.30822805,survey,4
otpo_r_3631,otter_point,otpo,yes,-68.18917101,44.30809949,survey,4
otpo_r_3632,otter_point,otpo,yes,-68.18917101,44.30797092,survey,4
otpo_r_3633,otter_point,otpo,yes,-68.18917101,44.30784235,survey,4
otpo_r_3683,otter_point,otpo,yes,-68.18899135,44.31118498,survey,2
otpo_r_3684,otter_point,otpo,yes,-68.18899135,44.31105642,survey,2
otpo_r_3692,otter_point,otpo,yes,-68.18899135,44.31002794,survey,2
otpo_r_3693,otter_point,otpo,yes,-68.18899135,44.30989938,survey,3
otpo_r_3694,otter_point,otpo,yes,-68.18899135,44.30977082,survey,3
otpo_r_3695,otter_point,otpo,yes,-68.18899135,44.30964225,survey,3
otpo_r_3699,otter_point,otpo,yes,-68.18899135,44.309128,survey,3
otpo_r_3700,otter_point,otpo,yes,-68.18899135,44.30899944,survey,3
otpo_r_3701,otter_point,otpo,yes,-68.18899135,44.30887087,survey,3
otpo_r_3702,otter_point,otpo,yes,-68.18899135,44.30874231,survey,4
otpo_r_3703,otter_point,otpo,yes,-68.18899135,44.30861375,survey,4
otpo_r_3704,otter_point,otpo,yes,-68.18899135,44.30848518,survey,4
otpo_r_3705,otter_point,otpo,yes,-68.18899135,44.30835662,survey,4
otpo_r_3706,otter_point,otpo,yes,-68.18899135,44.30822805,survey,4
otpo_r_3707,otter_point,otpo,yes,-68.18899135,44.30809949,survey,4
otpo_r_3708,otter_point,otpo,yes,-68.18899135,44.30797092,survey,4
otpo_r_3777,otter_point,otpo,yes,-68.18881168,44.30887087,survey,4
otpo_r_3778,otter_point,otpo,yes,-68.18881168,44.30874231,survey,4
otpo_r_3779,otter_point,otpo,yes,-68.18881168,44.30861375,survey,4
otpo_r_3780,otter_point,otpo,yes,-68.18881168,44.30848518,survey,4
otpo_r_3781,otter_point,otpo,yes,-68.18881168,44.30835662,survey,4
pemo_nr_599,penobscot_mountain,pemo,no,-68.27279502,44.33542046,survey,2
pemo_nr_600,penobscot_mountain,pemo,no,-68.27279502,44.33529196,survey,2
pemo_nr_655,penobscot_mountain,pemo,no,-68.27261536,44.33567748,survey,2
pemo_nr_656,penobscot_mountain,pemo,no,-68.27261536,44.33554897,survey,2
pemo_nr_657,penobscot_mountain,pemo,no,-68.27261536,44.33542046,survey,2
pemo_nr_711,penobscot_mountain,pemo,no,-68.27243569,44.33593449,survey,2
pemo_nr_712,penobscot_mountain,pemo,no,-68.27243569,44.33580598,survey,2
pemo_nr_713,penobscot_mountain,pemo,no,-68.27243569,44.33567748,survey,2
pemo_nr_714,penobscot_mountain,pemo,no,-68.27243569,44.33554897,survey,2
pemo_nr_762,penobscot_mountain,pemo,no,-68.27225603,44.33683401,backup,1
pemo_nr_763,penobscot_mountain,pemo,no,-68.27225603,44.33670551,survey,1
pemo_nr_764,penobscot_mountain,pemo,no,-68.27225603,44.33657701,backup,2
pemo_nr_765,penobscot_mountain,pemo,no,-68.27225603,44.3364485,backup,2
pemo_nr_766,penobscot_mountain,pemo,no,-68.27225603,44.33632,backup,2
pemo_nr_769,penobscot_mountain,pemo,no,-68.27225603,44.33593449,survey,2
pemo_nr_770,penobscot_mountain,pemo,no,-68.27225603,44.33580598,survey,2
pemo_nr_820,penobscot_mountain,pemo,no,-68.27207637,44.33683401,survey,1
pemo_nr_821,penobscot_mountain,pemo,no,-68.27207637,44.33670551,survey,1
pemo_nr_822,penobscot_mountain,pemo,no,-68.27207637,44.33657701,survey,2
pemo_nr_823,penobscot_mountain,pemo,no,-68.27207637,44.3364485,survey,2
pemo_nr_824,penobscot_mountain,pemo,no,-68.27207637,44.33632,survey,2
pemo_nr_825,penobscot_mountain,pemo,no,-68.27207637,44.3361915,survey,2
pemo_nr_826,penobscot_mountain,pemo,no,-68.27207637,44.33606299,survey,2
pemo_nr_827,penobscot_mountain,pemo,no,-68.27207637,44.33593449,survey,2
pemo_nr_828,penobscot_mountain,pemo,no,-68.27207637,44.33580598,survey,2
pemo_nr_878,penobscot_mountain,pemo,no,-68.27189671,44.33683401,survey,1
pemo_nr_879,penobscot_mountain,pemo,no,-68.27189671,44.33670551,survey,1
pemo_nr_880,penobscot_mountain,pemo,no,-68.27189671,44.33657701,survey,2
pemo_nr_881,penobscot_mountain,pemo,no,-68.27189671,44.3364485,survey,2
pemo_nr_882,penobscot_mountain,pemo,no,-68.27189671,44.33632,survey,2
pemo_nr_883,penobscot_mountain,pemo,no,-68.27189671,44.3361915,survey,2
pemo_nr_884,penobscot_mountain,pemo,no,-68.27189671,44.33606299,survey,2
pemo_nr_936,penobscot_mountain,pemo,no,-68.27171704,44.33683401,survey,1
pemo_nr_937,penobscot_mountain,pemo,no,-68.27171704,44.33670551,survey,1
pemo_nr_938,penobscot_mountain,pemo,no,-68.27171704,44.33657701,survey,1
pemo_nr_939,penobscot_mountain,pemo,no,-68.27171704,44.3364485,survey,2
pemo_nr_940,penobscot_mountain,pemo,no,-68.27171704,44.33632,survey,2
pemo_nr_992,penobscot_mountain,pemo,no,-68.27153738,44.33709102,backup,1
pemo_nr_993,penobscot_mountain,pemo,no,-68.27153738,44.33696252,survey,1
pemo_nr_994,penobscot_mountain,pemo,no,-68.27153738,44.33683401,survey,1
pemo_nr_995,penobscot_mountain,pemo,no,-68.27153738,44.33670551,survey,1
pemo_nr_996,penobscot_mountain,pemo,no,-68.27153738,44.33657701,survey,1
pemo_nr_997,penobscot_mountain,pemo,no,-68.27153738,44.3364485,backup,2
pemo_nr_998,penobscot_mountain,pemo,no,-68.27153738,44.33632,backup,2
pemo_nr_1007,penobscot_mountain,pemo,no,-68.27153738,44.33516345,backup,3
pemo_nr_1008,penobscot_mountain,pemo,no,-68.27153738,44.33503495,backup,3
pemo_nr_1050,penobscot_mountain,pemo,no,-68.27135772,44.33709102,backup,1
pemo_nr_1051,penobscot_mountain,pemo,no,-68.27135772,44.33696252,survey,1
pemo_nr_1052,penobscot_mountain,pemo,no,-68.27135772,44.33683401,survey,1
pemo_nr_1053,penobscot_mountain,pemo,no,-68.27135772,44.33670551,survey,1
pemo_nr_1054,penobscot_mountain,pemo,no,-68.27135772,44.33657701,survey,1
pemo_nr_1064,penobscot_mountain,pemo,no,-68.27135772,44.33529196,survey,3
pemo_nr_1065,penobscot_mountain,pemo,no,-68.27135772,44.33516345,survey,3
pemo_nr_1066,penobscot_mountain,pemo,no,-68.27135772,44.33503495,survey,3
pemo_nr_1067,penobscot_mountain,pemo,no,-68.27135772,44.33490644,survey,3
pemo_nr_1068,penobscot_mountain,pemo,no,-68.27135772,44.33477793,survey,3
pemo_nr_1069,penobscot_mountain,pemo,no,-68.27135772,44.33464942,survey,3
pemo_nr_1070,penobscot_mountain,pemo,no,-68.27135772,44.33452092,survey,3
pemo_nr_1071,penobscot_mountain,pemo,no,-68.27135772,44.33439241,survey,3
pemo_nr_1108,penobscot_mountain,pemo,no,-68.27117805,44.33709102,backup,1
pemo_nr_1109,penobscot_mountain,pemo,no,-68.27117805,44.33696252,survey,1
pemo_nr_1110,penobscot_mountain,pemo,no,-68.27117805,44.33683401,survey,1
pemo_nr_1111,penobscot_mountain,pemo,no,-68.27117805,44.33670551,survey,1
pemo_nr_1112,penobscot_mountain,pemo,no,-68.27117805,44.33657701,survey,1
pemo_nr_1122,penobscot_mountain,pemo,no,-68.27117805,44.33529196,survey,3
pemo_nr_1123,penobscot_mountain,pemo,no,-68.27117805,44.33516345,survey,3
pemo_nr_1124,penobscot_mountain,pemo,no,-68.27117805,44.33503495,survey,3
pemo_nr_1125,penobscot_mountain,pemo,no,-68.27117805,44.33490644,survey,3
pemo_nr_1126,penobscot_mountain,pemo,no,-68.27117805,44.33477793,survey,3
pemo_nr_1127,penobscot_mountain,pemo,no,-68.27117805,44.33464942,survey,3
pemo_nr_1128,penobscot_mountain,pemo,no,-68.27117805,44.33452092,survey,3
pemo_nr_1129,penobscot_mountain,pemo,no,-68.27117805,44.33439241,survey,3
pemo_nr_1166,penobscot_mountain,pemo,no,-68.27099839,44.33709102,backup,1
pemo_nr_1167,penobscot_mountain,pemo,no,-68.27099839,44.33696252,survey,1
pemo_nr_1168,penobscot_mountain,pemo,no,-68.27099839,44.33683401,survey,1
pemo_nr_1169,penobscot_mountain,pemo,no,-68.27099839,44.33670551,survey,1
pemo_nr_1170,penobscot_mountain,pemo,no,-68.27099839,44.33657701,survey,1
pemo_nr_1171,penobscot_mountain,pemo,no,-68.27099839,44.3364485,survey,1
pemo_nr_1179,penobscot_mountain,pemo,no,-68.27099839,44.33542046,survey,3
pemo_nr_1180,penobscot_mountain,pemo,no,-68.27099839,44.33529196,survey,3
pemo_nr_1181,penobscot_mountain,pemo,no,-68.27099839,44.33516345,survey,3
pemo_nr_1182,penobscot_mountain,pemo,no,-68.27099839,44.33503495,survey,3
pemo_nr_1183,penobscot_mountain,pemo,no,-68.27099839,44.33490644,survey,3
pemo_nr_1184,penobscot_mountain,pemo,no,-68.27099839,44.33477793,survey,3
pemo_nr_1185,penobscot_mountain,pemo,no,-68.27099839,44.33464942,survey,3
pemo_nr_1186,penobscot_mountain,pemo,no,-68.27099839,44.33452092,survey,3
pemo_nr_1187,penobscot_mountain,pemo,no,-68.27099839,44.33439241,survey,3
pemo_nr_1237,penobscot_mountain,pemo,no,-68.27081873,44.33542046,backup,3
pemo_nr_1238,penobscot_mountain,pemo,no,-68.27081873,44.33529196,backup,3
pemo_nr_1239,penobscot_mountain,pemo,no,-68.27081873,44.33516345,backup,3
pemo_nr_2527,penobscot_mountain,pemo,no,-68.26686614,44.33362135,backup,4
pemo_nr_2528,penobscot_mountain,pemo,no,-68.26686614,44.33349284,survey,4
pemo_nr_2529,penobscot_mountain,pemo,no,-68.26686614,44.33336433,survey,4
pemo_nr_2530,penobscot_mountain,pemo,no,-68.26686614,44.33323582,survey,4
pemo_nr_2531,penobscot_mountain,pemo,no,-68.26686614,44.33310731,survey,4
pemo_nr_2532,penobscot_mountain,pemo,no,-68.26686614,44.3329788,survey,4
pemo_nr_2533,penobscot_mountain,pemo,no,-68.26686614,44.33285029,survey,4
pemo_nr_2534,penobscot_mountain,pemo,no,-68.26686614,44.33272178,backup,4
pemo_nr_2585,penobscot_mountain,pemo,no,-68.26668648,44.33362135,backup,4
pemo_nr_2586,penobscot_mountain,pemo,no,-68.26668648,44.33349284,survey,4
pemo_nr_2587,penobscot_mountain,pemo,no,-68.26668648,44.33336433,survey,4
pemo_nr_2588,penobscot_mountain,pemo,no,-68.26668648,44.33323582,survey,4
pemo_nr_2589,penobscot_mountain,pemo,no,-68.26668648,44.33310731,survey,4
pemo_nr_2590,penobscot_mountain,pemo,no,-68.26668648,44.3329788,survey,4
pemo_nr_2591,penobscot_mountain,pemo,no,-68.26668648,44.33285029,survey,4
pemo_nr_2592,penobscot_mountain,pemo,no,-68.26668648,44.33272178,survey,4
pemo_nr_2643,penobscot_mountain,pemo,no,-68.26650681,44.33362135,backup,4
pemo_nr_2644,penobscot_mountain,pemo,no,-68.26650681,44.33349284,survey,4
pemo_nr_2645,penobscot_mountain,pemo,no,-68.26650681,44.33336433,survey,4
pemo_nr_2646,penobscot_mountain,pemo,no,-68.26650681,44.33323582,survey,4
pemo_nr_2647,penobscot_mountain,pemo,no,-68.26650681,44.33310731,survey,4
pemo_nr_2648,penobscot_mountain,pemo,no,-68.26650681,44.3329788,survey,4
pemo_nr_2649,penobscot_mountain,pemo,no,-68.26650681,44.33285029,survey,4
pemo_nr_2650,penobscot_mountain,pemo,no,-68.26650681,44.33272178,survey,4
pemo_nr_2703,penobscot_mountain,pemo,no,-68.26632715,44.33336433,survey,4
pemo_nr_2704,penobscot_mountain,pemo,no,-68.26632715,44.33323582,survey,4
pemo_nr_2705,penobscot_mountain,pemo,no,-68.26632715,44.33310731,survey,4
pemo_nr_2706,penobscot_mountain,pemo,no,-68.26632715,44.3329788,survey,4
pemo_nr_2707,penobscot_mountain,pemo,no,-68.26632715,44.33285029,survey,4
pemo_nr_2708,penobscot_mountain,pemo,no,-68.26632715,44.33272178,backup,4
sche_r_15,schoodic_head,sche,yes,-68.05447949,44.35011587,survey,2
sche_r_16,schoodic_head,sche,yes,-68.05447949,44.3499874,survey,2
sche_r_46,schoodic_head,sche,yes,-68.05429983,44.35011587,survey,2
sche_r_47,schoodic_head,sche,yes,-68.05429983,44.3499874,survey,2
sche_r_77,schoodic_head,sche,yes,-68.05412016,44.35011587,survey,2
sche_r_78,schoodic_head,sche,yes,-68.05412016,44.3499874,survey,2
sche_r_108,schoodic_head,sche,yes,-68.0539405,44.35011587,survey,2
sche_r_109,schoodic_head,sche,yes,-68.0539405,44.3499874,survey,2
sche_r_140,schoodic_head,sche,yes,-68.05376084,44.3499874,survey,2
sche_r_141,schoodic_head,sche,yes,-68.05376084,44.34985893,survey,2
sche_r_148,schoodic_head,sche,yes,-68.05376084,44.3489596,survey,4
sche_r_149,schoodic_head,sche,yes,-68.05376084,44.34883112,survey,4
sche_r_153,schoodic_head,sche,yes,-68.05376084,44.34831721,backup,4
sche_r_155,schoodic_head,sche,yes,-68.05376084,44.34806026,backup,4
sche_r_172,schoodic_head,sche,yes,-68.05358118,44.34985893,survey,2
sche_r_178,schoodic_head,sche,yes,-68.05358118,44.34908808,survey,4
sche_r_179,schoodic_head,sche,yes,-68.05358118,44.3489596,survey,4
sche_r_180,schoodic_head,sche,yes,-68.05358118,44.34883112,survey,4
sche_r_181,schoodic_head,sche,yes,-68.05358118,44.34870265,survey,4
sche_r_182,schoodic_head,sche,yes,-68.05358118,44.34857417,survey,4
sche_r_183,schoodic_head,sche,yes,-68.05358118,44.34844569,survey,4
sche_r_184,schoodic_head,sche,yes,-68.05358118,44.34831721,survey,4
sche_r_185,schoodic_head,sche,yes,-68.05358118,44.34818874,survey,4
sche_r_186,schoodic_head,sche,yes,-68.05358118,44.34806026,survey,4
sche_r_203,schoodic_head,sche,yes,-68.05340151,44.34985893,survey,2
sche_r_208,schoodic_head,sche,yes,-68.05340151,44.34921655,survey,4
sche_r_209,schoodic_head,sche,yes,-68.05340151,44.34908808,survey,4
sche_r_210,schoodic_head,sche,yes,-68.05340151,44.3489596,survey,4
sche_r_211,schoodic_head,sche,yes,-68.05340151,44.34883112,survey,4
sche_r_212,schoodic_head,sche,yes,-68.05340151,44.34870265,survey,4
sche_r_213,schoodic_head,sche,yes,-68.05340151,44.34857417,survey,4
sche_r_214,schoodic_head,sche,yes,-68.05340151,44.34844569,survey,4
sche_r_215,schoodic_head,sche,yes,-68.05340151,44.34831721,survey,4
sche_r_217,schoodic_head,sche,yes,-68.05340151,44.34806026,survey,4
sche_r_240,schoodic_head,sche,yes,-68.05322185,44.34908808,survey,4
sche_r_242,schoodic_head,sche,yes,-68.05322185,44.34883112,survey,4
sche_r_243,schoodic_head,sche,yes,-68.05322185,44.34870265,survey,4
sche_r_244,schoodic_head,sche,yes,-68.05322185,44.34857417,survey,4
sche_r_246,schoodic_head,sche,yes,-68.05322185,44.34831721,survey,4
sche_r_253,schoodic_head,sche,yes,-68.05304219,44.3514006,survey,1
sche_r_254,schoodic_head,sche,yes,-68.05304219,44.35127213,survey,1
sche_r_255,schoodic_head,sche,yes,-68.05304219,44.35114366,survey,1
sche_r_256,schoodic_head,sche,yes,-68.05304219,44.35101518,survey,1
sche_r_257,schoodic_head,sche,yes,-68.05304219,44.35088671,survey,1
sche_r_258,schoodic_head,sche,yes,-68.05304219,44.35075824,survey,1
sche_r_259,schoodic_head,sche,yes,-68.05304219,44.35062977,survey,1
sche_r_260,schoodic_head,sche,yes,-68.05304219,44.35050129,survey,1
sche_r_261,schoodic_head,sche,yes,-68.05304219,44.35037282,survey,2
sche_r_262,schoodic_head,sche,yes,-68.05304219,44.35024435,backup,2
sche_r_263,schoodic_head,sche,yes,-68.05304219,44.35011587,backup,2
sche_r_264,schoodic_head,sche,yes,-68.05304219,44.3499874,survey,2
sche_r_265,schoodic_head,sche,yes,-68.05304219,44.34985893,survey,2
sche_r_284,schoodic_head,sche,yes,-68.05286252,44.3514006,survey,1
sche_r_285,schoodic_head,sche,yes,-68.05286252,44.35127213,survey,1
sche_r_286,schoodic_head,sche,yes,-68.05286252,44.35114366,survey,1
sche_r_287,schoodic_head,sche,yes,-68.05286252,44.35101518,survey,1
sche_r_288,schoodic_head,sche,yes,-68.05286252,44.35088671,survey,1
sche_r_289,schoodic_head,sche,yes,-68.05286252,44.35075824,survey,1
sche_r_290,schoodic_head,sche,yes,-68.05286252,44.35062977,survey,1
sche_r_291,schoodic_head,sche,yes,-68.05286252,44.35050129,survey,1
sche_r_292,schoodic_head,sche,yes,-68.05286252,44.35037282,survey,2
sche_r_293,schoodic_head,sche,yes,-68.05286252,44.35024435,survey,2
sche_r_294,schoodic_head,sche,yes,-68.05286252,44.35011587,survey,2
sche_r_295,schoodic_head,sche,yes,-68.05286252,44.3499874,survey,2
sche_r_296,schoodic_head,sche,yes,-68.05286252,44.34985893,survey,2
sche_r_297,schoodic_head,sche,yes,-68.05286252,44.34973045,survey,2
sche_r_318,schoodic_head,sche,yes,-68.05268286,44.35101518,backup,1
sche_r_319,schoodic_head,sche,yes,-68.05268286,44.35088671,backup,1
sche_r_322,schoodic_head,sche,yes,-68.05268286,44.35050129,survey,1
sche_r_323,schoodic_head,sche,yes,-68.05268286,44.35037282,survey,2
sche_r_324,schoodic_head,sche,yes,-68.05268286,44.35024435,survey,2
sche_r_325,schoodic_head,sche,yes,-68.05268286,44.35011587,survey,2
sche_r_326,schoodic_head,sche,yes,-68.05268286,44.3499874,backup,2
sche_r_327,schoodic_head,sche,yes,-68.05268286,44.34985893,backup,2
sche_r_328,schoodic_head,sche,yes,-68.05268286,44.34973045,backup,2
sche_r_329,schoodic_head,sche,yes,-68.05268286,44.34960198,survey,2
sche_r_330,schoodic_head,sche,yes,-68.05268286,44.3494735,survey,3
sche_r_331,schoodic_head,sche,yes,-68.05268286,44.34934503,survey,3
sche_r_332,schoodic_head,sche,yes,-68.05268286,44.34921655,survey,3
sche_r_334,schoodic_head,sche,yes,-68.05268286,44.3489596,backup,4
sche_r_353,schoodic_head,sche,yes,-68.0525032,44.35050129,survey,1
sche_r_354,schoodic_head,sche,yes,-68.0525032,44.35037282,survey,1
sche_r_355,schoodic_head,sche,yes,-68.0525032,44.35024435,survey,3
sche_r_356,schoodic_head,sche,yes,-68.0525032,44.35011587,survey,3
sche_r_357,schoodic_head,sche,yes,-68.0525032,44.3499874,survey,3
sche_r_358,schoodic_head,sche,yes,-68.0525032,44.34985893,survey,3
sche_r_359,schoodic_head,sche,yes,-68.0525032,44.34973045,survey,3
sche_r_360,schoodic_head,sche,yes,-68.0525032,44.34960198,survey,3
sche_r_361,schoodic_head,sche,yes,-68.0525032,44.3494735,survey,3
sche_r_362,schoodic_head,sche,yes,-68.0525032,44.34934503,survey,3
sche_r_363,schoodic_head,sche,yes,-68.0525032,44.34921655,survey,3
sche_r_364,schoodic_head,sche,yes,-68.0525032,44.34908808,survey,3
sche_r_365,schoodic_head,sche,yes,-68.0525032,44.3489596,backup,4
sche_r_366,schoodic_head,sche,yes,-68.0525032,44.34883112,backup,4
sche_r_383,schoodic_head,sche,yes,-68.05232353,44.35062977,backup,1
sche_r_384,schoodic_head,sche,yes,-68.05232353,44.35050129,survey,1
sche_r_385,schoodic_head,sche,yes,-68.05232353,44.35037282,survey,1
sche_r_386,schoodic_head,sche,yes,-68.05232353,44.35024435,survey,3
sche_r_387,schoodic_head,sche,yes,-68.05232353,44.35011587,survey,3
sche_r_388,schoodic_head,sche,yes,-68.05232353,44.3499874,survey,3
sche_r_389,schoodic_head,sche,yes,-68.05232353,44.34985893,survey,3
sche_r_390,schoodic_head,sche,yes,-68.05232353,44.34973045,survey,3
sche_r_391,schoodic_head,sche,yes,-68.05232353,44.34960198,survey,3
sche_r_392,schoodic_head,sche,yes,-68.05232353,44.3494735,survey,3
sche_r_397,schoodic_head,sche,yes,-68.05232353,44.34883112,backup,3
sche_r_414,schoodic_head,sche,yes,-68.05214387,44.35062977,survey,1
sche_r_415,schoodic_head,sche,yes,-68.05214387,44.35050129,backup,1
sche_r_416,schoodic_head,sche,yes,-68.05214387,44.35037282,survey,1
sche_r_417,schoodic_head,sche,yes,-68.05214387,44.35024435,survey,3
sche_r_418,schoodic_head,sche,yes,-68.05214387,44.35011587,survey,3
sche_r_419,schoodic_head,sche,yes,-68.05214387,44.3499874,survey,3
sche_r_420,schoodic_head,sche,yes,-68.05214387,44.34985893,survey,3
sche_r_421,schoodic_head,sche,yes,-68.05214387,44.34973045,survey,3
sche_r_428,schoodic_head,sche,yes,-68.05214387,44.34883112,backup,3
sche_r_429,schoodic_head,sche,yes,-68.05214387,44.34870265,backup,3
sche_r_445,schoodic_head,sche,yes,-68.05196421,44.35062977,survey,1
sche_r_446,schoodic_head,sche,yes,-68.05196421,44.35050129,backup,1
sche_r_447,schoodic_head,sche,yes,-68.05196421,44.35037282,survey,1
sche_r_448,schoodic_head,sche,yes,-68.05196421,44.35024435,backup,3
sche_r_460,schoodic_head,sche,yes,-68.05196421,44.34870265,backup,3
scmo_nr_699,schoodic_mountain,scmo,no,-68.1485771,44.57372871,survey,1
scmo_nr_700,schoodic_mountain,scmo,no,-68.1485771,44.57360073,survey,1
scmo_nr_701,schoodic_mountain,scmo,no,-68.1485771,44.57347275,survey,1
scmo_nr_702,schoodic_mountain,scmo,no,-68.1485771,44.57334476,survey,1
scmo_nr_703,schoodic_mountain,scmo,no,-68.1485771,44.57321678,survey,1
scmo_nr_704,schoodic_mountain,scmo,no,-68.1485771,44.57308879,survey,1
scmo_nr_736,schoodic_mountain,scmo,no,-68.14839744,44.57385669,survey,1
scmo_nr_737,schoodic_mountain,scmo,no,-68.14839744,44.57372871,survey,1
scmo_nr_738,schoodic_mountain,scmo,no,-68.14839744,44.57360073,survey,1
scmo_nr_739,schoodic_mountain,scmo,no,-68.14839744,44.57347275,backup,1
scmo_nr_740,schoodic_mountain,scmo,no,-68.14839744,44.57334476,survey,1
scmo_nr_741,schoodic_mountain,scmo,no,-68.14839744,44.57321678,survey,1
scmo_nr_742,schoodic_mountain,scmo,no,-68.14839744,44.57308879,survey,1
scmo_nr_774,schoodic_mountain,scmo,no,-68.14821778,44.57385669,survey,1
scmo_nr_775,schoodic_mountain,scmo,no,-68.14821778,44.57372871,survey,1
scmo_nr_776,schoodic_mountain,scmo,no,-68.14821778,44.57360073,survey,1
scmo_nr_777,schoodic_mountain,scmo,no,-68.14821778,44.57347275,survey,1
scmo_nr_778,schoodic_mountain,scmo,no,-68.14821778,44.57334476,survey,1
scmo_nr_779,schoodic_mountain,scmo,no,-68.14821778,44.57321678,survey,1
scmo_nr_780,schoodic_mountain,scmo,no,-68.14821778,44.57308879,survey,1
scmo_nr_812,schoodic_mountain,scmo,no,-68.14803811,44.57385669,survey,1
scmo_nr_813,schoodic_mountain,scmo,no,-68.14803811,44.57372871,survey,1
scmo_nr_814,schoodic_mountain,scmo,no,-68.14803811,44.57360073,survey,1
scmo_nr_815,schoodic_mountain,scmo,no,-68.14803811,44.57347275,backup,1
scmo_nr_816,schoodic_mountain,scmo,no,-68.14803811,44.57334476,survey,1
scmo_nr_817,schoodic_mountain,scmo,no,-68.14803811,44.57321678,survey,1
scmo_nr_818,schoodic_mountain,scmo,no,-68.14803811,44.57308879,survey,1
scmo_nr_849,schoodic_mountain,scmo,no,-68.14785845,44.57398468,survey,2
scmo_nr_850,schoodic_mountain,scmo,no,-68.14785845,44.57385669,survey,2
scmo_nr_851,schoodic_mountain,scmo,no,-68.14785845,44.57372871,survey,2
scmo_nr_852,schoodic_mountain,scmo,no,-68.14785845,44.57360073,survey,2
scmo_nr_853,schoodic_mountain,scmo,no,-68.14785845,44.57347275,survey,2
scmo_nr_854,schoodic_mountain,scmo,no,-68.14785845,44.57334476,survey,2
scmo_nr_855,schoodic_mountain,scmo,no,-68.14785845,44.57321678,survey,2
scmo_nr_856,schoodic_mountain,scmo,no,-68.14785845,44.57308879,survey,2
scmo_nr_887,schoodic_mountain,scmo,no,-68.14767879,44.57398468,survey,2
scmo_nr_888,schoodic_mountain,scmo,no,-68.14767879,44.57385669,survey,2
scmo_nr_889,schoodic_mountain,scmo,no,-68.14767879,44.57372871,survey,2
scmo_nr_890,schoodic_mountain,scmo,no,-68.14767879,44.57360073,survey,2
scmo_nr_891,schoodic_mountain,scmo,no,-68.14767879,44.57347275,survey,2
scmo_nr_892,schoodic_mountain,scmo,no,-68.14767879,44.57334476,backup,2
scmo_nr_893,schoodic_mountain,scmo,no,-68.14767879,44.57321678,survey,2
scmo_nr_894,schoodic_mountain,scmo,no,-68.14767879,44.57308879,survey,2
scmo_nr_925,schoodic_mountain,scmo,no,-68.14749912,44.57398468,backup,2
scmo_nr_926,schoodic_mountain,scmo,no,-68.14749912,44.57385669,backup,2
scmo_nr_927,schoodic_mountain,scmo,no,-68.14749912,44.57372871,survey,2
scmo_nr_928,schoodic_mountain,scmo,no,-68.14749912,44.57360073,backup,2
scmo_nr_929,schoodic_mountain,scmo,no,-68.14749912,44.57347275,survey,2
scmo_nr_930,schoodic_mountain,scmo,no,-68.14749912,44.57334476,backup,2
scmo_nr_931,schoodic_mountain,scmo,no,-68.14749912,44.57321678,survey,2
scmo_nr_932,schoodic_mountain,scmo,no,-68.14749912,44.57308879,backup,2
scmo_nr_963,schoodic_mountain,scmo,no,-68.14731946,44.57398468,survey,2
scmo_nr_964,schoodic_mountain,scmo,no,-68.14731946,44.57385669,survey,2
scmo_nr_965,schoodic_mountain,scmo,no,-68.14731946,44.57372871,survey,2
scmo_nr_966,schoodic_mountain,scmo,no,-68.14731946,44.57360073,survey,2
scmo_nr_967,schoodic_mountain,scmo,no,-68.14731946,44.57347275,survey,2
scmo_nr_968,schoodic_mountain,scmo,no,-68.14731946,44.57334476,backup,2
scmo_nr_969,schoodic_mountain,scmo,no,-68.14731946,44.57321678,survey,2
scmo_nr_970,schoodic_mountain,scmo,no,-68.14731946,44.57308879,survey,2
scmo_nr_1001,schoodic_mountain,scmo,no,-68.1471398,44.57398468,survey,3
scmo_nr_1002,schoodic_mountain,scmo,no,-68.1471398,44.57385669,survey,3
scmo_nr_1003,schoodic_mountain,scmo,no,-68.1471398,44.57372871,survey,3
scmo_nr_1004,schoodic_mountain,scmo,no,-68.1471398,44.57360073,survey,3
scmo_nr_1005,schoodic_mountain,scmo,no,-68.1471398,44.57347275,survey,3
scmo_nr_1006,schoodic_mountain,scmo,no,-68.1471398,44.57334476,survey,3
scmo_nr_1007,schoodic_mountain,scmo,no,-68.1471398,44.57321678,survey,3
scmo_nr_1008,schoodic_mountain,scmo,no,-68.1471398,44.57308879,survey,3
scmo_nr_1039,schoodic_mountain,scmo,no,-68.14696013,44.57398468,survey,3
scmo_nr_1040,schoodic_mountain,scmo,no,-68.14696013,44.57385669,backup,3
scmo_nr_1041,schoodic_mountain,scmo,no,-68.14696013,44.57372871,survey,3
scmo_nr_1042,schoodic_mountain,scmo,no,-68.14696013,44.57360073,survey,3
scmo_nr_1043,schoodic_mountain,scmo,no,-68.14696013,44.57347275,survey,3
scmo_nr_1044,schoodic_mountain,scmo,no,-68.14696013,44.57334476,survey,3
scmo_nr_1045,schoodic_mountain,scmo,no,-68.14696013,44.57321678,survey,3
scmo_nr_1046,schoodic_mountain,scmo,no,-68.14696013,44.57308879,backup,3
scmo_nr_1077,schoodic_mountain,scmo,no,-68.14678047,44.57398468,backup,3
scmo_nr_1078,schoodic_mountain,scmo,no,-68.14678047,44.57385669,survey,3
scmo_nr_1079,schoodic_mountain,scmo,no,-68.14678047,44.57372871,backup,3
scmo_nr_1080,schoodic_mountain,scmo,no,-68.14678047,44.57360073,survey,3
scmo_nr_1081,schoodic_mountain,scmo,no,-68.14678047,44.57347275,backup,3
scmo_nr_1082,schoodic_mountain,scmo,no,-68.14678047,44.57334476,survey,3
scmo_nr_1083,schoodic_mountain,scmo,no,-68.14678047,44.57321678,backup,3
scmo_nr_1084,schoodic_mountain,scmo,no,-68.14678047,44.57308879,survey,3
scmo_nr_1115,schoodic_mountain,scmo,no,-68.14660081,44.57398468,survey,3
scmo_nr_1116,schoodic_mountain,scmo,no,-68.14660081,44.57385669,survey,3
scmo_nr_1117,schoodic_mountain,scmo,no,-68.14660081,44.57372871,survey,3
scmo_nr_1118,schoodic_mountain,scmo,no,-68.14660081,44.57360073,survey,3
scmo_nr_1119,schoodic_mountain,scmo,no,-68.14660081,44.57347275,survey,3
scmo_nr_1120,schoodic_mountain,scmo,no,-68.14660081,44.57334476,survey,3
scmo_nr_1121,schoodic_mountain,scmo,no,-68.14660081,44.57321678,survey,3
scmo_nr_1122,schoodic_mountain,scmo,no,-68.14660081,44.57308879,backup,3
scmo_nr_1153,schoodic_mountain,scmo,no,-68.14642114,44.57398468,survey,4
scmo_nr_1154,schoodic_mountain,scmo,no,-68.14642114,44.57385669,survey,4
scmo_nr_1155,schoodic_mountain,scmo,no,-68.14642114,44.57372871,backup,4
scmo_nr_1156,schoodic_mountain,scmo,no,-68.14642114,44.57360073,backup,4
scmo_nr_1157,schoodic_mountain,scmo,no,-68.14642114,44.57347275,survey,4
scmo_nr_1158,schoodic_mountain,scmo,no,-68.14642114,44.57334476,survey,4
scmo_nr_1159,schoodic_mountain,scmo,no,-68.14642114,44.57321678,survey,4
scmo_nr_1160,schoodic_mountain,scmo,no,-68.14642114,44.57308879,survey,4
scmo_nr_1192,schoodic_mountain,scmo,no,-68.14624148,44.57385669,survey,4
scmo_nr_1193,schoodic_mountain,scmo,no,-68.14624148,44.57372871,survey,4
scmo_nr_1194,schoodic_mountain,scmo,no,-68.14624148,44.57360073,backup,4
scmo_nr_1195,schoodic_mountain,scmo,no,-68.14624148,44.57347275,backup,4
scmo_nr_1196,schoodic_mountain,scmo,no,-68.14624148,44.57334476,survey,4
scmo_nr_1197,schoodic_mountain,scmo,no,-68.14624148,44.57321678,survey,4
scmo_nr_1198,schoodic_mountain,scmo,no,-68.14624148,44.57308879,survey,4
scmo_nr_1234,schoodic_mountain,scmo,no,-68.14606182,44.57334476,survey,4
scmo_nr_1235,schoodic_mountain,scmo,no,-68.14606182,44.57321678,survey,4
scmo_nr_1236,schoodic_mountain,scmo,no,-68.14606182,44.57308879,survey,4
scmo_nr_1304,schoodic_mountain,scmo,no,-68.14570249,44.57411266,survey,4
scmo_nr_1305,schoodic_mountain,scmo,no,-68.14570249,44.57398468,survey,4
scmo_nr_1342,schoodic_mountain,scmo,no,-68.14552283,44.57411266,survey,4
scmo_nr_1380,schoodic_mountain,scmo,no,-68.14534317,44.57411266,survey,4
scmo_nr_1383,schoodic_mountain,scmo,no,-68.14534317,44.57372871,survey,4
scmo_nr_1384,schoodic_mountain,scmo,no,-68.14534317,44.57360073,survey,4
scmo_nr_1418,schoodic_mountain,scmo,no,-68.1451635,44.57411266,survey,4
scmo_nr_1419,schoodic_mountain,scmo,no,-68.1451635,44.57398468,survey,4
scmo_nr_1420,schoodic_mountain,scmo,no,-68.1451635,44.57385669,survey,4
scmo_nr_1421,schoodic_mountain,scmo,no,-68.1451635,44.57372871,survey,4
scmo_nr_1422,schoodic_mountain,scmo,no,-68.1451635,44.57360073,survey,4
shha_r_3139,ship_harbor,shha,yes,-68.32183475,44.2277737,survey,1
shha_r_3140,ship_harbor,shha,yes,-68.32183475,44.22764496,survey,1
shha_r_3228,ship_harbor,shha,yes,-68.32165508,44.22764496,survey,1
shha_r_3229,ship_harbor,shha,yes,-68.32165508,44.22751621,survey,1
shha_r_3317,ship_harbor,shha,yes,-68.32147542,44.22751621,survey,1
shha_r_3318,ship_harbor,shha,yes,-68.32147542,44.22738747,survey,1
shha_r_3406,ship_harbor,shha,yes,-68.32129576,44.22738747,survey,1
shha_r_3407,ship_harbor,shha,yes,-68.32129576,44.22725873,survey,1
shha_r_3496,ship_harbor,shha,yes,-68.32111609,44.22712999,survey,1
shha_r_3497,ship_harbor,shha,yes,-68.32111609,44.22700124,survey,1
shha_r_3585,ship_harbor,shha,yes,-68.32093643,44.22700124,survey,1
shha_r_3586,ship_harbor,shha,yes,-68.32093643,44.2268725,survey,1
shha_r_3587,ship_harbor,shha,yes,-68.32093643,44.22674376,survey,1
shha_r_3675,ship_harbor,shha,yes,-68.32075677,44.22674376,survey,1
shha_r_3676,ship_harbor,shha,yes,-68.32075677,44.22661501,survey,1
shha_r_3764,ship_harbor,shha,yes,-68.32057711,44.22661501,survey,1
shha_r_3765,ship_harbor,shha,yes,-68.32057711,44.22648627,survey,1
shha_r_3766,ship_harbor,shha,yes,-68.32057711,44.22635752,survey,1
shha_r_3853,ship_harbor,shha,yes,-68.32039744,44.22648627,survey,1
shha_r_3854,ship_harbor,shha,yes,-68.32039744,44.22635752,survey,1
shha_r_3855,ship_harbor,shha,yes,-68.32039744,44.22622878,survey,1
shha_r_3941,ship_harbor,shha,yes,-68.32021778,44.22648627,backup,1
shha_r_3942,ship_harbor,shha,yes,-68.32021778,44.22635752,survey,1
shha_r_3943,ship_harbor,shha,yes,-68.32021778,44.22622878,survey,1
shha_r_4031,ship_harbor,shha,yes,-68.32003812,44.22622878,survey,1
shha_r_4032,ship_harbor,shha,yes,-68.32003812,44.22610003,survey,1
shha_r_4119,ship_harbor,shha,yes,-68.31985845,44.22622878,survey,2
shha_r_4120,ship_harbor,shha,yes,-68.31985845,44.22610003,survey,2
shha_r_4121,ship_harbor,shha,yes,-68.31985845,44.22597129,backup,2
shha_r_4208,ship_harbor,shha,yes,-68.31967879,44.22610003,survey,2
shha_r_4209,ship_harbor,shha,yes,-68.31967879,44.22597129,survey,2
shha_r_4210,ship_harbor,shha,yes,-68.31967879,44.22584254,survey,2
shha_r_4297,ship_harbor,shha,yes,-68.31949913,44.22597129,survey,2
shha_r_4298,ship_harbor,shha,yes,-68.31949913,44.22584254,survey,2
shha_r_4385,ship_harbor,shha,yes,-68.31931946,44.22597129,survey,2
shha_r_4386,ship_harbor,shha,yes,-68.31931946,44.22584254,survey,2
shha_r_4474,ship_harbor,shha,yes,-68.3191398,44.22584254,survey,2
shha_r_4475,ship_harbor,shha,yes,-68.3191398,44.2257138,survey,2
shha_r_4476,ship_harbor,shha,yes,-68.3191398,44.22558505,survey,2
shha_r_4563,ship_harbor,shha,yes,-68.31896014,44.2257138,survey,2
shha_r_4564,ship_harbor,shha,yes,-68.31896014,44.22558505,survey,2
shha_r_4652,ship_harbor,shha,yes,-68.31878048,44.22558505,survey,2
shha_r_4653,ship_harbor,shha,yes,-68.31878048,44.2254563,survey,2
shha_r_4740,ship_harbor,shha,yes,-68.31860081,44.22558505,survey,2
shha_r_4741,ship_harbor,shha,yes,-68.31860081,44.2254563,survey,2
shha_r_4828,ship_harbor,shha,yes,-68.31842115,44.22558505,survey,2
shha_r_4829,ship_harbor,shha,yes,-68.31842115,44.2254563,survey,2
shha_r_4916,ship_harbor,shha,yes,-68.31824149,44.22558505,survey,2
shha_r_4917,ship_harbor,shha,yes,-68.31824149,44.2254563,survey,2
shha_r_5004,ship_harbor,shha,yes,-68.31806182,44.22558505,survey,2
shha_r_5005,ship_harbor,shha,yes,-68.31806182,44.2254563,survey,2
shha_r_5006,ship_harbor,shha,yes,-68.31806182,44.22532756,survey,2
shha_r_5092,ship_harbor,shha,yes,-68.31788216,44.22558505,survey,3
shha_r_5093,ship_harbor,shha,yes,-68.31788216,44.2254563,survey,3
shha_r_5094,ship_harbor,shha,yes,-68.31788216,44.22532756,survey,3
shha_r_5179,ship_harbor,shha,yes,-68.3177025,44.2257138,survey,3
shha_r_5180,ship_harbor,shha,yes,-68.3177025,44.22558505,survey,3
shha_r_5181,ship_harbor,shha,yes,-68.3177025,44.2254563,survey,3
shha_r_5182,ship_harbor,shha,yes,-68.3177025,44.22532756,backup,3
shha_r_5265,ship_harbor,shha,yes,-68.31752283,44.22597129,survey,3
shha_r_5266,ship_harbor,shha,yes,-68.31752283,44.22584254,survey,3
shha_r_5267,ship_harbor,shha,yes,-68.31752283,44.2257138,survey,3
shha_r_5268,ship_harbor,shha,yes,-68.31752283,44.22558505,survey,3
shha_r_5352,ship_harbor,shha,yes,-68.31734317,44.22610003,survey,3
shha_r_5353,ship_harbor,shha,yes,-68.31734317,44.22597129,survey,3
shha_r_5354,ship_harbor,shha,yes,-68.31734317,44.22584254,survey,3
shha_r_5355,ship_harbor,shha,yes,-68.31734317,44.2257138,survey,3
shha_r_5438,ship_harbor,shha,yes,-68.31716351,44.22635752,survey,3
shha_r_5439,ship_harbor,shha,yes,-68.31716351,44.22622878,survey,3
shha_r_5440,ship_harbor,shha,yes,-68.31716351,44.22610003,survey,3
shha_r_5441,ship_harbor,shha,yes,-68.31716351,44.22597129,survey,3
shha_r_5442,ship_harbor,shha,yes,-68.31716351,44.22584254,survey,3
shha_r_5523,ship_harbor,shha,yes,-68.31698384,44.22674376,backup,4
shha_r_5524,ship_harbor,shha,yes,-68.31698384,44.22661501,survey,4
shha_r_5525,ship_harbor,shha,yes,-68.31698384,44.22648627,survey,4
shha_r_5526,ship_harbor,shha,yes,-68.31698384,44.22635752,survey,3
shha_r_5527,ship_harbor,shha,yes,-68.31698384,44.22622878,survey,3
shha_r_5528,ship_harbor,shha,yes,-68.31698384,44.22610003,survey,3
shha_r_5529,ship_harbor,shha,yes,-68.31698384,44.22597129,survey,3
shha_r_5609,ship_harbor,shha,yes,-68.31680418,44.22700124,survey,4
shha_r_5610,ship_harbor,shha,yes,-68.31680418,44.2268725,survey,4
shha_r_5611,ship_harbor,shha,yes,-68.31680418,44.22674376,survey,4
shha_r_5612,ship_harbor,shha,yes,-68.31680418,44.22661501,survey,4
shha_r_5613,ship_harbor,shha,yes,-68.31680418,44.22648627,survey,4
shha_r_5614,ship_harbor,shha,yes,-68.31680418,44.22635752,survey,3
shha_r_5615,ship_harbor,shha,yes,-68.31680418,44.22622878,survey,3
shha_r_5616,ship_harbor,shha,yes,-68.31680418,44.22610003,backup,3
shha_r_5695,ship_harbor,shha,yes,-68.31662452,44.22725873,survey,4
shha_r_5696,ship_harbor,shha,yes,-68.31662452,44.22712999,survey,4
shha_r_5697,ship_harbor,shha,yes,-68.31662452,44.22700124,survey,4
shha_r_5698,ship_harbor,shha,yes,-68.31662452,44.2268725,survey,4
shha_r_5783,ship_harbor,shha,yes,-68.31644486,44.22725873,survey,4
shha_r_5784,ship_harbor,shha,yes,-68.31644486,44.22712999,survey,4
shha_r_5863,ship_harbor,shha,yes,-68.31626519,44.22828866,survey,4
shha_r_5870,ship_harbor,shha,yes,-68.31626519,44.22738747,survey,4
shha_r_5871,ship_harbor,shha,yes,-68.31626519,44.22725873,survey,4
shha_r_5952,ship_harbor,shha,yes,-68.31608553,44.22815992,survey,4
shha_r_5956,ship_harbor,shha,yes,-68.31608553,44.22764496,survey,4
shha_r_5957,ship_harbor,shha,yes,-68.31608553,44.22751621,survey,4
shha_r_5958,ship_harbor,shha,yes,-68.31608553,44.22738747,survey,4
shha_r_6041,ship_harbor,shha,yes,-68.31590587,44.22803118,survey,4
shha_r_6042,ship_harbor,shha,yes,-68.31590587,44.22790244,survey,4
shha_r_6043,ship_harbor,shha,yes,-68.31590587,44.2277737,survey,4
shha_r_6044,ship_harbor,shha,yes,-68.31590587,44.22764496,survey,4
shha_r_6045,ship_harbor,shha,yes,-68.31590587,44.22751621,survey,4