"id","site","site.code","refugia","longitude","latitude"
"acmo_nr_1538","acadia_mountain","acmo","no","-68.3237193433118","44.3233235065388"
"acmo_nr_1609","acadia_mountain","acmo","no","-68.3235396802549","44.3234520388525"
"acmo_nr_1610","acadia_mountain","acmo","no","-68.3235396802549","44.3233235065388"
"acmo_nr_1681","acadia_mountain","acmo","no","-68.3233600171981","44.3234520388525"
"acmo_nr_1682","acadia_mountain","acmo","no","-68.3233600171981","44.3233235065388"
"acmo_nr_1750","acadia_mountain","acmo","no","-68.3231803541413","44.3238376341039"
"acmo_nr_1751","acadia_mountain","acmo","no","-68.3231803541413","44.323709102635"
"acmo_nr_1752","acadia_mountain","acmo","no","-68.3231803541413","44.3235805708846"
"acmo_nr_1753","acadia_mountain","acmo","no","-68.3231803541413","44.3234520388525"
"acmo_nr_1754","acadia_mountain","acmo","no","-68.3231803541413","44.3233235065388"
"acmo_nr_1822","acadia_mountain","acmo","no","-68.3230006910844","44.3238376341039"
"acmo_nr_1823","acadia_mountain","acmo","no","-68.3230006910844","44.323709102635"
"acmo_nr_1824","acadia_mountain","acmo","no","-68.3230006910844","44.3235805708846"
"acmo_nr_1825","acadia_mountain","acmo","no","-68.3230006910844","44.3234520388525"
"acmo_nr_1826","acadia_mountain","acmo","no","-68.3230006910844","44.3233235065388"
"acmo_nr_1899","acadia_mountain","acmo","no","-68.3228210280276","44.3231949739436"
"acmo_nr_1900","acadia_mountain","acmo","no","-68.3228210280276","44.3230664410667"
"acmo_nr_1966","acadia_mountain","acmo","no","-68.3226413649708","44.3238376341039"
"acmo_nr_1967","acadia_mountain","acmo","no","-68.3226413649708","44.323709102635"
"acmo_nr_1971","acadia_mountain","acmo","no","-68.3226413649708","44.3231949739436"
"acmo_nr_1972","acadia_mountain","acmo","no","-68.3226413649708","44.3230664410667"
"acmo_nr_1973","acadia_mountain","acmo","no","-68.3226413649708","44.3229379079082"
"acmo_nr_2038","acadia_mountain","acmo","no","-68.322461701914","44.3238376341039"
"acmo_nr_2039","acadia_mountain","acmo","no","-68.322461701914","44.323709102635"
"acmo_nr_2040","acadia_mountain","acmo","no","-68.322461701914","44.3235805708846"
"acmo_nr_2041","acadia_mountain","acmo","no","-68.322461701914","44.3234520388525"
"acmo_nr_2042","acadia_mountain","acmo","no","-68.322461701914","44.3233235065388"
"acmo_nr_2043","acadia_mountain","acmo","no","-68.322461701914","44.3231949739436"
"acmo_nr_2044","acadia_mountain","acmo","no","-68.322461701914","44.3230664410667"
"acmo_nr_2045","acadia_mountain","acmo","no","-68.322461701914","44.3229379079082"
"acmo_nr_2110","acadia_mountain","acmo","no","-68.3222820388572","44.3238376341039"
"acmo_nr_2111","acadia_mountain","acmo","no","-68.3222820388572","44.323709102635"
"acmo_nr_2112","acadia_mountain","acmo","no","-68.3222820388572","44.3235805708846"
"acmo_nr_2113","acadia_mountain","acmo","no","-68.3222820388572","44.3234520388525"
"acmo_nr_2114","acadia_mountain","acmo","no","-68.3222820388572","44.3233235065388"
"acmo_nr_2115","acadia_mountain","acmo","no","-68.3222820388572","44.3231949739436"
"acmo_nr_3840","acadia_mountain","acmo","no","-68.3179701254934","44.3235805708846"
"acmo_nr_3841","acadia_mountain","acmo","no","-68.3179701254934","44.3234520388525"
"acmo_nr_3842","acadia_mountain","acmo","no","-68.3179701254934","44.3233235065388"
"acmo_nr_3843","acadia_mountain","acmo","no","-68.3179701254934","44.3231949739436"
"acmo_nr_3912","acadia_mountain","acmo","no","-68.3177904624366","44.3235805708846"
"acmo_nr_3913","acadia_mountain","acmo","no","-68.3177904624366","44.3234520388525"
"acmo_nr_3914","acadia_mountain","acmo","no","-68.3177904624366","44.3233235065388"
"acmo_nr_3915","acadia_mountain","acmo","no","-68.3177904624366","44.3231949739436"
"acmo_nr_3984","acadia_mountain","acmo","no","-68.3176107993797","44.3235805708846"
"acmo_nr_3985","acadia_mountain","acmo","no","-68.3176107993797","44.3234520388525"
"acmo_nr_3986","acadia_mountain","acmo","no","-68.3176107993797","44.3233235065388"
"acmo_nr_3987","acadia_mountain","acmo","no","-68.3176107993797","44.3231949739436"
"acmo_nr_4054","acadia_mountain","acmo","no","-68.3174311363229","44.3238376341039"
"acmo_nr_4055","acadia_mountain","acmo","no","-68.3174311363229","44.323709102635"
"acmo_nr_4056","acadia_mountain","acmo","no","-68.3174311363229","44.3235805708846"
"acmo_nr_4057","acadia_mountain","acmo","no","-68.3174311363229","44.3234520388525"
"acmo_nr_4058","acadia_mountain","acmo","no","-68.3174311363229","44.3233235065388"
"acmo_nr_4059","acadia_mountain","acmo","no","-68.3174311363229","44.3231949739436"
"acmo_nr_4060","acadia_mountain","acmo","no","-68.3174311363229","44.3230664410667"
"acmo_nr_4061","acadia_mountain","acmo","no","-68.3174311363229","44.3229379079082"
"acmo_nr_4062","acadia_mountain","acmo","no","-68.3174311363229","44.3228093744681"
"acmo_nr_4063","acadia_mountain","acmo","no","-68.3174311363229","44.3226808407464"
"acmo_nr_4064","acadia_mountain","acmo","no","-68.3174311363229","44.3225523067431"
"acmo_nr_4065","acadia_mountain","acmo","no","-68.3174311363229","44.3224237724581"
"acmo_nr_4126","acadia_mountain","acmo","no","-68.3172514732661","44.3238376341039"
"acmo_nr_4127","acadia_mountain","acmo","no","-68.3172514732661","44.323709102635"
"acmo_nr_4128","acadia_mountain","acmo","no","-68.3172514732661","44.3235805708846"
"acmo_nr_4129","acadia_mountain","acmo","no","-68.3172514732661","44.3234520388525"
"acmo_nr_4130","acadia_mountain","acmo","no","-68.3172514732661","44.3233235065388"
"acmo_nr_4131","acadia_mountain","acmo","no","-68.3172514732661","44.3231949739436"
"acmo_nr_4132","acadia_mountain","acmo","no","-68.3172514732661","44.3230664410667"
"acmo_nr_4133","acadia_mountain","acmo","no","-68.3172514732661","44.3229379079082"
"acmo_nr_4134","acadia_mountain","acmo","no","-68.3172514732661","44.3228093744681"
"acmo_nr_4135","acadia_mountain","acmo","no","-68.3172514732661","44.3226808407464"
"acmo_nr_4136","acadia_mountain","acmo","no","-68.3172514732661","44.3225523067431"
"acmo_nr_4137","acadia_mountain","acmo","no","-68.3172514732661","44.3224237724581"
"acmo_nr_4198","acadia_mountain","acmo","no","-68.3170718102093","44.3238376341039"
"acmo_nr_4199","acadia_mountain","acmo","no","-68.3170718102093","44.323709102635"
"acmo_nr_4200","acadia_mountain","acmo","no","-68.3170718102093","44.3235805708846"
"acmo_nr_4201","acadia_mountain","acmo","no","-68.3170718102093","44.3234520388525"
"acmo_nr_4202","acadia_mountain","acmo","no","-68.3170718102093","44.3233235065388"
"acmo_nr_4203","acadia_mountain","acmo","no","-68.3170718102093","44.3231949739436"
"acmo_nr_4204","acadia_mountain","acmo","no","-68.3170718102093","44.3230664410667"
"acmo_nr_4205","acadia_mountain","acmo","no","-68.3170718102093","44.3229379079082"
"acmo_nr_4206","acadia_mountain","acmo","no","-68.3170718102093","44.3228093744681"
"acmo_nr_4207","acadia_mountain","acmo","no","-68.3170718102093","44.3226808407464"
"acmo_nr_4208","acadia_mountain","acmo","no","-68.3170718102093","44.3225523067431"
"acmo_nr_4270","acadia_mountain","acmo","no","-68.3168921471524","44.3238376341039"
"acmo_nr_4271","acadia_mountain","acmo","no","-68.3168921471524","44.323709102635"
"acmo_nr_4272","acadia_mountain","acmo","no","-68.3168921471524","44.3235805708846"
"acmo_nr_4273","acadia_mountain","acmo","no","-68.3168921471524","44.3234520388525"
"acmo_nr_4274","acadia_mountain","acmo","no","-68.3168921471524","44.3233235065388"
"acmo_nr_4277","acadia_mountain","acmo","no","-68.3168921471524","44.3229379079082"
"acmo_nr_4278","acadia_mountain","acmo","no","-68.3168921471524","44.3228093744681"
"acmo_nr_4279","acadia_mountain","acmo","no","-68.3168921471524","44.3226808407464"
"acmo_nr_4280","acadia_mountain","acmo","no","-68.3168921471524","44.3225523067431"
"acmo_nr_4351","acadia_mountain","acmo","no","-68.3167124840956","44.3226808407464"
"acmo_nr_4352","acadia_mountain","acmo","no","-68.3167124840956","44.3225523067431"
"acmo_nr_4353","acadia_mountain","acmo","no","-68.3167124840956","44.3224237724581"
"acmo_nr_4422","acadia_mountain","acmo","no","-68.3165328210388","44.3228093744681"
"acmo_nr_4423","acadia_mountain","acmo","no","-68.3165328210388","44.3226808407464"
"acmo_nr_4424","acadia_mountain","acmo","no","-68.3165328210388","44.3225523067431"
"acmo_nr_4425","acadia_mountain","acmo","no","-68.3165328210388","44.3224237724581"
"acmo_nr_4494","acadia_mountain","acmo","no","-68.316353157982","44.3228093744681"
"acmo_nr_4495","acadia_mountain","acmo","no","-68.316353157982","44.3226808407464"
"acmo_nr_4496","acadia_mountain","acmo","no","-68.316353157982","44.3225523067431"
"acmo_nr_4497","acadia_mountain","acmo","no","-68.316353157982","44.3224237724581"
"acmo_nr_4568","acadia_mountain","acmo","no","-68.3161734949251","44.3225523067431"
"bemo_nr_154","bernard_mountain","bemo","no","-68.3726511840989","44.3033719732275"
"bemo_nr_155","bernard_mountain","bemo","no","-68.3726511840989","44.3032433969274"
"bemo_nr_196","bernard_mountain","bemo","no","-68.372471521042","44.3033719732275"
"bemo_nr_197","bernard_mountain","bemo","no","-68.372471521042","44.3032433969274"
"bemo_nr_198","bernard_mountain","bemo","no","-68.372471521042","44.3031148203456"
"bemo_nr_239","bernard_mountain","bemo","no","-68.3722918579852","44.3032433969274"
"bemo_nr_240","bernard_mountain","bemo","no","-68.3722918579852","44.3031148203456"
"bemo_nr_281","bernard_mountain","bemo","no","-68.3721121949284","44.3032433969274"
"bemo_nr_282","bernard_mountain","bemo","no","-68.3721121949284","44.3031148203456"
"bemo_nr_324","bernard_mountain","bemo","no","-68.3719325318716","44.3031148203456"
"bemo_nr_366","bernard_mountain","bemo","no","-68.3717528688148","44.3031148203456"
"bemo_nr_811","bernard_mountain","bemo","no","-68.3697765751897","44.3053005839374"
"bemo_nr_853","bernard_mountain","bemo","no","-68.3695969121329","44.3053005839374"
"bemo_nr_854","bernard_mountain","bemo","no","-68.3695969121329","44.3051720118613"
"bemo_nr_894","bernard_mountain","bemo","no","-68.369417249076","44.3054291557319"
"bemo_nr_895","bernard_mountain","bemo","no","-68.369417249076","44.3053005839374"
"bemo_nr_896","bernard_mountain","bemo","no","-68.369417249076","44.3051720118613"
"bemo_nr_941","bernard_mountain","bemo","no","-68.3692375860192","44.3047862939433"
"bemo_nr_942","bernard_mountain","bemo","no","-68.3692375860192","44.3046577207408"
"bemo_nr_943","bernard_mountain","bemo","no","-68.3692375860192","44.3045291472567"
"bemo_nr_944","bernard_mountain","bemo","no","-68.3692375860192","44.304400573491"
"bemo_nr_984","bernard_mountain","bemo","no","-68.3690579229624","44.3046577207408"
"bemo_nr_985","bernard_mountain","bemo","no","-68.3690579229624","44.3045291472567"
"bemo_nr_986","bernard_mountain","bemo","no","-68.3690579229624","44.304400573491"
"bemo_nr_987","bernard_mountain","bemo","no","-68.3690579229624","44.3042719994437"
"bemo_nr_988","bernard_mountain","bemo","no","-68.3690579229624","44.3041434251147"
"bemo_nr_1027","bernard_mountain","bemo","no","-68.3688782599056","44.3045291472567"
"bemo_nr_1028","bernard_mountain","bemo","no","-68.3688782599056","44.304400573491"
"bemo_nr_1029","bernard_mountain","bemo","no","-68.3688782599056","44.3042719994437"
"bemo_nr_1030","bernard_mountain","bemo","no","-68.3688782599056","44.3041434251147"
"bmis_r_892","big_moose_island","bmis","yes","-68.0669939639883","44.3362363969458"
"bmis_r_893","big_moose_island","bmis","yes","-68.0669939639883","44.3361078926452"
"bmis_r_894","big_moose_island","bmis","yes","-68.0669939639883","44.3359793880629"
"bmis_r_986","big_moose_island","bmis","yes","-68.0668143009315","44.3361078926452"
"bmis_r_987","big_moose_island","bmis","yes","-68.0668143009315","44.3359793880629"
"bmis_r_988","big_moose_island","bmis","yes","-68.0668143009315","44.3358508831991"
"bmis_r_1080","big_moose_island","bmis","yes","-68.0666346378746","44.3359793880629"
"bmis_r_1081","big_moose_island","bmis","yes","-68.0666346378746","44.3358508831991"
"bmis_r_1174","big_moose_island","bmis","yes","-68.0664549748178","44.3358508831991"
"bmis_r_1175","big_moose_island","bmis","yes","-68.0664549748178","44.3357223780537"
"bmis_r_1176","big_moose_island","bmis","yes","-68.0664549748178","44.3355938726266"
"bmis_r_1269","big_moose_island","bmis","yes","-68.066275311761","44.3355938726266"
"bmis_r_1270","big_moose_island","bmis","yes","-68.066275311761","44.3354653669179"
"bmis_r_1363","big_moose_island","bmis","yes","-68.0660956487041","44.3354653669179"
"bmis_r_1364","big_moose_island","bmis","yes","-68.0660956487041","44.3353368609277"
"bmis_r_1457","big_moose_island","bmis","yes","-68.0659159856473","44.3353368609277"
"bmis_r_1458","big_moose_island","bmis","yes","-68.0659159856473","44.3352083546558"
"bmis_r_1551","big_moose_island","bmis","yes","-68.0657363225905","44.3352083546558"
"bmis_r_1552","big_moose_island","bmis","yes","-68.0657363225905","44.3350798481023"
"bmis_r_1645","big_moose_island","bmis","yes","-68.0655566595337","44.3350798481023"
"bmis_r_1646","big_moose_island","bmis","yes","-68.0655566595337","44.3349513412672"
"bmis_r_1739","big_moose_island","bmis","yes","-68.0653769964769","44.3349513412672"
"bmis_r_1833","big_moose_island","bmis","yes","-68.06519733342","44.3348228341505"
"bmis_r_1834","big_moose_island","bmis","yes","-68.06519733342","44.3346943267521"
"bmis_r_1927","big_moose_island","bmis","yes","-68.0650176703632","44.3346943267521"
"bmis_r_1928","big_moose_island","bmis","yes","-68.0650176703632","44.3345658190722"
"bmis_r_2021","big_moose_island","bmis","yes","-68.0648380073064","44.3345658190722"
"bmis_r_2022","big_moose_island","bmis","yes","-68.0648380073064","44.3344373111107"
"bmis_r_2115","big_moose_island","bmis","yes","-68.0646583442496","44.3344373111107"
"bmis_r_2116","big_moose_island","bmis","yes","-68.0646583442496","44.3343088028675"
"bmis_r_2209","big_moose_island","bmis","yes","-68.0644786811927","44.3343088028675"
"bmis_r_2210","big_moose_island","bmis","yes","-68.0644786811927","44.3341802943427"
"bmis_r_2302","big_moose_island","bmis","yes","-68.0642990181359","44.3343088028675"
"bmis_r_2303","big_moose_island","bmis","yes","-68.0642990181359","44.3341802943427"
"bmis_r_2304","big_moose_island","bmis","yes","-68.0642990181359","44.3340517855364"
"bmis_r_2396","big_moose_island","bmis","yes","-68.0641193550791","44.3341802943427"
"bmis_r_2397","big_moose_island","bmis","yes","-68.0641193550791","44.3340517855364"
"bmis_r_2489","big_moose_island","bmis","yes","-68.0639396920223","44.3341802943427"
"bmis_r_2490","big_moose_island","bmis","yes","-68.0639396920223","44.3340517855364"
"bmis_r_2491","big_moose_island","bmis","yes","-68.0639396920223","44.3339232764484"
"bmis_r_2583","big_moose_island","bmis","yes","-68.0637600289654","44.3340517855364"
"bmis_r_2584","big_moose_island","bmis","yes","-68.0637600289654","44.3339232764484"
"bmis_r_2585","big_moose_island","bmis","yes","-68.0637600289654","44.3337947670788"
"bmis_r_2586","big_moose_island","bmis","yes","-68.0637600289654","44.3336662574276"
"bmis_r_2677","big_moose_island","bmis","yes","-68.0635803659086","44.3339232764484"
"bmis_r_2678","big_moose_island","bmis","yes","-68.0635803659086","44.3337947670788"
"bmis_r_2679","big_moose_island","bmis","yes","-68.0635803659086","44.3336662574276"
"bmis_r_2771","big_moose_island","bmis","yes","-68.0634007028518","44.3337947670788"
"bmis_r_2772","big_moose_island","bmis","yes","-68.0634007028518","44.3336662574276"
"bmis_r_2773","big_moose_island","bmis","yes","-68.0634007028518","44.3335377474948"
"bmis_r_2866","big_moose_island","bmis","yes","-68.063221039795","44.3335377474948"
"bmis_r_2867","big_moose_island","bmis","yes","-68.063221039795","44.3334092372804"
"bmis_r_2959","big_moose_island","bmis","yes","-68.0630413767381","44.3335377474948"
"bmis_r_2960","big_moose_island","bmis","yes","-68.0630413767381","44.3334092372804"
"bmis_r_3053","big_moose_island","bmis","yes","-68.0628617136813","44.3334092372804"
"bmis_r_3054","big_moose_island","bmis","yes","-68.0628617136813","44.3332807267843"
"bmis_r_3146","big_moose_island","bmis","yes","-68.0626820506245","44.3334092372804"
"bmis_r_3147","big_moose_island","bmis","yes","-68.0626820506245","44.3332807267843"
"bmis_r_3240","big_moose_island","bmis","yes","-68.0625023875677","44.3332807267843"
"bmis_r_3241","big_moose_island","bmis","yes","-68.0625023875677","44.3331522160067"
"bmis_r_3333","big_moose_island","bmis","yes","-68.0623227245108","44.3332807267843"
"bmis_r_3334","big_moose_island","bmis","yes","-68.0623227245108","44.3331522160067"
"bmis_r_3425","big_moose_island","bmis","yes","-68.062143061454","44.3334092372804"
"bmis_r_3426","big_moose_island","bmis","yes","-68.062143061454","44.3332807267843"
"bmis_r_3427","big_moose_island","bmis","yes","-68.062143061454","44.3331522160067"
"bmis_r_3428","big_moose_island","bmis","yes","-68.062143061454","44.3330237049474"
"bmis_r_3515","big_moose_island","bmis","yes","-68.0619633983972","44.3337947670788"
"bmis_r_3516","big_moose_island","bmis","yes","-68.0619633983972","44.3336662574276"
"bmis_r_3517","big_moose_island","bmis","yes","-68.0619633983972","44.3335377474948"
"bmis_r_3518","big_moose_island","bmis","yes","-68.0619633983972","44.3334092372804"
"bmis_r_3519","big_moose_island","bmis","yes","-68.0619633983972","44.3332807267843"
"bmis_r_3520","big_moose_island","bmis","yes","-68.0619633983972","44.3331522160067"
"bmis_r_3521","big_moose_island","bmis","yes","-68.0619633983972","44.3330237049474"
"bmis_r_3522","big_moose_island","bmis","yes","-68.0619633983972","44.3328951936066"
"bmis_r_3608","big_moose_island","bmis","yes","-68.0617837353404","44.3337947670788"
"bmis_r_3609","big_moose_island","bmis","yes","-68.0617837353404","44.3336662574276"
"bmis_r_3610","big_moose_island","bmis","yes","-68.0617837353404","44.3335377474948"
"bmis_r_3611","big_moose_island","bmis","yes","-68.0617837353404","44.3334092372804"
"bmis_r_3612","big_moose_island","bmis","yes","-68.0617837353404","44.3332807267843"
"bmis_r_3613","big_moose_island","bmis","yes","-68.0617837353404","44.3331522160067"
"bmis_r_3614","big_moose_island","bmis","yes","-68.0617837353404","44.3330237049474"
"bmis_r_3615","big_moose_island","bmis","yes","-68.0617837353404","44.3328951936066"
"bmis_r_3701","big_moose_island","bmis","yes","-68.0616040722835","44.3337947670788"
"bmis_r_3702","big_moose_island","bmis","yes","-68.0616040722835","44.3336662574276"
"bmis_r_3703","big_moose_island","bmis","yes","-68.0616040722835","44.3335377474948"
"bmis_r_3704","big_moose_island","bmis","yes","-68.0616040722835","44.3334092372804"
"bmis_r_3705","big_moose_island","bmis","yes","-68.0616040722835","44.3332807267843"
"bmis_r_3706","big_moose_island","bmis","yes","-68.0616040722835","44.3331522160067"
"bmis_r_3707","big_moose_island","bmis","yes","-68.0616040722835","44.3330237049474"
"bmis_r_3708","big_moose_island","bmis","yes","-68.0616040722835","44.3328951936066"
"bmis_r_3709","big_moose_island","bmis","yes","-68.0616040722835","44.3327666819841"
"bmis_r_3794","big_moose_island","bmis","yes","-68.0614244092267","44.3337947670788"
"bmis_r_3795","big_moose_island","bmis","yes","-68.0614244092267","44.3336662574276"
"bmis_r_3796","big_moose_island","bmis","yes","-68.0614244092267","44.3335377474948"
"bmis_r_3797","big_moose_island","bmis","yes","-68.0614244092267","44.3334092372804"
"bmis_r_3802","big_moose_island","bmis","yes","-68.0614244092267","44.3327666819841"
"bmis_r_3803","big_moose_island","bmis","yes","-68.0614244092267","44.33263817008"
"bmis_r_3895","big_moose_island","bmis","yes","-68.0612447461699","44.3327666819841"
"bmis_r_3896","big_moose_island","bmis","yes","-68.0612447461699","44.33263817008"
"bmis_r_3989","big_moose_island","bmis","yes","-68.0610650831131","44.33263817008"
"bmis_r_4082","big_moose_island","bmis","yes","-68.0608854200563","44.33263817008"
"bmis_r_4175","big_moose_island","bmis","yes","-68.0607057569994","44.33263817008"
"bmis_r_4176","big_moose_island","bmis","yes","-68.0607057569994","44.3325096578943"
"bmis_r_4268","big_moose_island","bmis","yes","-68.0605260939426","44.33263817008"
"bmis_r_4269","big_moose_island","bmis","yes","-68.0605260939426","44.3325096578943"
"bmis_r_4360","big_moose_island","bmis","yes","-68.0603464308858","44.3327666819841"
"bmis_r_4361","big_moose_island","bmis","yes","-68.0603464308858","44.33263817008"
"bmis_r_4362","big_moose_island","bmis","yes","-68.0603464308858","44.3325096578943"
"bmis_r_4453","big_moose_island","bmis","yes","-68.060166767829","44.3327666819841"
"bmis_r_4454","big_moose_island","bmis","yes","-68.060166767829","44.33263817008"
"bmis_r_4455","big_moose_island","bmis","yes","-68.060166767829","44.3325096578943"
"bmis_r_4546","big_moose_island","bmis","yes","-68.0599871047721","44.3327666819841"
"bmis_r_4547","big_moose_island","bmis","yes","-68.0599871047721","44.33263817008"
"bmis_r_4548","big_moose_island","bmis","yes","-68.0599871047721","44.3325096578943"
"bmis_r_4639","big_moose_island","bmis","yes","-68.0598074417153","44.3327666819841"
"bmis_r_4640","big_moose_island","bmis","yes","-68.0598074417153","44.33263817008"
"bmis_r_4641","big_moose_island","bmis","yes","-68.0598074417153","44.3325096578943"
"bmis_r_4735","big_moose_island","bmis","yes","-68.0596277786585","44.332381145427"
"bmis_r_4828","big_moose_island","bmis","yes","-68.0594481156017","44.332381145427"
"bmis_r_4921","big_moose_island","bmis","yes","-68.0592684525448","44.332381145427"
"caba_nr_28","cadillac_base","caba","no","-68.2329326542245","44.3828568098834"
"caba_nr_51","cadillac_base","caba","no","-68.2327529911677","44.3829852116936"
"caba_nr_52","cadillac_base","caba","no","-68.2327529911677","44.3828568098834"
"caba_nr_53","cadillac_base","caba","no","-68.2327529911677","44.3827284077915"
"caba_nr_54","cadillac_base","caba","no","-68.2327529911677","44.382600005418"
"caba_nr_74","cadillac_base","caba","no","-68.2325733281109","44.3831136132222"
"caba_nr_75","cadillac_base","caba","no","-68.2325733281109","44.3829852116936"
"caba_nr_76","cadillac_base","caba","no","-68.2325733281109","44.3828568098834"
"caba_nr_77","cadillac_base","caba","no","-68.2325733281109","44.3827284077915"
"caba_nr_78","cadillac_base","caba","no","-68.2325733281109","44.382600005418"
"caba_nr_79","cadillac_base","caba","no","-68.2325733281109","44.3824716027629"
"caba_nr_99","cadillac_base","caba","no","-68.232393665054","44.3829852116936"
"caba_nr_101","cadillac_base","caba","no","-68.232393665054","44.3827284077915"
"caba_nr_102","cadillac_base","caba","no","-68.232393665054","44.382600005418"
"caba_nr_103","cadillac_base","caba","no","-68.232393665054","44.3824716027629"
"caba_nr_107","cadillac_base","caba","no","-68.232393665054","44.3819579893262"
"caba_nr_108","cadillac_base","caba","no","-68.232393665054","44.381829585263"
"caba_nr_109","cadillac_base","caba","no","-68.232393665054","44.3817011809181"
"caba_nr_110","cadillac_base","caba","no","-68.232393665054","44.3815727762916"
"caba_nr_111","cadillac_base","caba","no","-68.232393665054","44.3814443713836"
"caba_nr_112","cadillac_base","caba","no","-68.232393665054","44.3813159661939"
"caba_nr_122","cadillac_base","caba","no","-68.2322140019972","44.3831136132222"
"caba_nr_123","cadillac_base","caba","no","-68.2322140019972","44.3829852116936"
"caba_nr_124","cadillac_base","caba","no","-68.2322140019972","44.3828568098834"
"caba_nr_125","cadillac_base","caba","no","-68.2322140019972","44.3827284077915"
"caba_nr_126","cadillac_base","caba","no","-68.2322140019972","44.382600005418"
"caba_nr_127","cadillac_base","caba","no","-68.2322140019972","44.3824716027629"
"caba_nr_130","cadillac_base","caba","no","-68.2322140019972","44.3820863931078"
"caba_nr_131","cadillac_base","caba","no","-68.2322140019972","44.3819579893262"
"caba_nr_132","cadillac_base","caba","no","-68.2322140019972","44.381829585263"
"caba_nr_133","cadillac_base","caba","no","-68.2322140019972","44.3817011809181"
"caba_nr_134","cadillac_base","caba","no","-68.2322140019972","44.3815727762916"
"caba_nr_135","cadillac_base","caba","no","-68.2322140019972","44.3814443713836"
"caba_nr_136","cadillac_base","caba","no","-68.2322140019972","44.3813159661939"
"caba_nr_137","cadillac_base","caba","no","-68.2322140019972","44.3811875607225"
"caba_nr_146","cadillac_base","caba","no","-68.2320343389404","44.3831136132222"
"caba_nr_147","cadillac_base","caba","no","-68.2320343389404","44.3829852116936"
"caba_nr_148","cadillac_base","caba","no","-68.2320343389404","44.3828568098834"
"caba_nr_149","cadillac_base","caba","no","-68.2320343389404","44.3827284077915"
"caba_nr_154","cadillac_base","caba","no","-68.2320343389404","44.3820863931078"
"caba_nr_155","cadillac_base","caba","no","-68.2320343389404","44.3819579893262"
"caba_nr_156","cadillac_base","caba","no","-68.2320343389404","44.381829585263"
"caba_nr_157","cadillac_base","caba","no","-68.2320343389404","44.3817011809181"
"caba_nr_158","cadillac_base","caba","no","-68.2320343389404","44.3815727762916"
"caba_nr_159","cadillac_base","caba","no","-68.2320343389404","44.3814443713836"
"caba_nr_160","cadillac_base","caba","no","-68.2320343389404","44.3813159661939"
"caba_nr_161","cadillac_base","caba","no","-68.2320343389404","44.3811875607225"
"caba_nr_169","cadillac_base","caba","no","-68.2318546758836","44.3832420144693"
"caba_nr_170","cadillac_base","caba","no","-68.2318546758836","44.3831136132222"
"caba_nr_171","cadillac_base","caba","no","-68.2318546758836","44.3829852116936"
"caba_nr_172","cadillac_base","caba","no","-68.2318546758836","44.3828568098834"
"caba_nr_173","cadillac_base","caba","no","-68.2318546758836","44.3827284077915"
"caba_nr_178","cadillac_base","caba","no","-68.2318546758836","44.3820863931078"
"caba_nr_179","cadillac_base","caba","no","-68.2318546758836","44.3819579893262"
"caba_nr_180","cadillac_base","caba","no","-68.2318546758836","44.381829585263"
"caba_nr_181","cadillac_base","caba","no","-68.2318546758836","44.3817011809181"
"caba_nr_182","cadillac_base","caba","no","-68.2318546758836","44.3815727762916"
"caba_nr_183","cadillac_base","caba","no","-68.2318546758836","44.3814443713836"
"caba_nr_184","cadillac_base","caba","no","-68.2318546758836","44.3813159661939"
"caba_nr_185","cadillac_base","caba","no","-68.2318546758836","44.3811875607225"
"caba_nr_227","cadillac_base","caba","no","-68.2314953497699","44.3819579893262"
"caba_nr_228","cadillac_base","caba","no","-68.2314953497699","44.381829585263"
"caba_nr_229","cadillac_base","caba","no","-68.2314953497699","44.3817011809181"
"caba_nr_230","cadillac_base","caba","no","-68.2314953497699","44.3815727762916"
"caba_nr_231","cadillac_base","caba","no","-68.2314953497699","44.3814443713836"
"caba_nr_232","cadillac_base","caba","no","-68.2314953497699","44.3813159661939"
"caba_nr_233","cadillac_base","caba","no","-68.2314953497699","44.3811875607225"
"caba_nr_237","cadillac_base","caba","no","-68.2314953497699","44.380673936021"
"caba_nr_250","cadillac_base","caba","no","-68.2313156867131","44.3820863931078"
"caba_nr_251","cadillac_base","caba","no","-68.2313156867131","44.3819579893262"
"caba_nr_252","cadillac_base","caba","no","-68.2313156867131","44.381829585263"
"caba_nr_253","cadillac_base","caba","no","-68.2313156867131","44.3817011809181"
"caba_nr_255","cadillac_base","caba","no","-68.2313156867131","44.3814443713836"
"caba_nr_256","cadillac_base","caba","no","-68.2313156867131","44.3813159661939"
"caba_nr_257","cadillac_base","caba","no","-68.2313156867131","44.3811875607225"
"caba_nr_260","cadillac_base","caba","no","-68.2313156867131","44.3808023426188"
"caba_nr_261","cadillac_base","caba","no","-68.2313156867131","44.380673936021"
"caba_nr_262","cadillac_base","caba","no","-68.2313156867131","44.3805455291416"
"caba_nr_274","cadillac_base","caba","no","-68.2311360236563","44.3820863931078"
"caba_nr_275","cadillac_base","caba","no","-68.2311360236563","44.3819579893262"
"caba_nr_276","cadillac_base","caba","no","-68.2311360236563","44.381829585263"
"caba_nr_280","cadillac_base","caba","no","-68.2311360236563","44.3813159661939"
"caba_nr_281","cadillac_base","caba","no","-68.2311360236563","44.3811875607225"
"caba_nr_284","cadillac_base","caba","no","-68.2311360236563","44.3808023426188"
"caba_nr_285","cadillac_base","caba","no","-68.2311360236563","44.380673936021"
"caba_nr_286","cadillac_base","caba","no","-68.2311360236563","44.3805455291416"
"caba_nr_299","cadillac_base","caba","no","-68.2309563605994","44.3819579893262"
"caba_nr_300","cadillac_base","caba","no","-68.2309563605994","44.381829585263"
"caba_nr_303","cadillac_base","caba","no","-68.2309563605994","44.3814443713836"
"caba_nr_304","cadillac_base","caba","no","-68.2309563605994","44.3813159661939"
"caba_nr_305","cadillac_base","caba","no","-68.2309563605994","44.3811875607225"
"caba_nr_308","cadillac_base","caba","no","-68.2309563605994","44.3808023426188"
"caba_nr_309","cadillac_base","caba","no","-68.2309563605994","44.380673936021"
"caba_nr_310","cadillac_base","caba","no","-68.2309563605994","44.3805455291416"
"caba_nr_326","cadillac_base","caba","no","-68.2307766975426","44.3815727762916"
"caba_nr_327","cadillac_base","caba","no","-68.2307766975426","44.3814443713836"
"caba_nr_328","cadillac_base","caba","no","-68.2307766975426","44.3813159661939"
"caba_nr_329","cadillac_base","caba","no","-68.2307766975426","44.3811875607225"
"caba_nr_332","cadillac_base","caba","no","-68.2307766975426","44.3808023426188"
"caba_nr_333","cadillac_base","caba","no","-68.2307766975426","44.380673936021"
"caba_nr_334","cadillac_base","caba","no","-68.2307766975426","44.3805455291416"
"caba_nr_351","cadillac_base","caba","no","-68.2305970344858","44.3814443713836"
"caba_nr_352","cadillac_base","caba","no","-68.2305970344858","44.3813159661939"
"caba_nr_356","cadillac_base","caba","no","-68.2305970344858","44.3808023426188"
"caba_nr_357","cadillac_base","caba","no","-68.2305970344858","44.380673936021"
"caba_nr_358","cadillac_base","caba","no","-68.2305970344858","44.3805455291416"
"caba_nr_359","cadillac_base","caba","no","-68.2305970344858","44.3804171219806"
"caba_nr_381","cadillac_base","caba","no","-68.230417371429","44.380673936021"
"caba_nr_382","cadillac_base","caba","no","-68.230417371429","44.3805455291416"
"caba_nr_383","cadillac_base","caba","no","-68.230417371429","44.3804171219806"
"caba_nr_404","cadillac_base","caba","no","-68.2302377083721","44.3808023426188"
"caba_nr_405","cadillac_base","caba","no","-68.2302377083721","44.380673936021"
"caba_nr_406","cadillac_base","caba","no","-68.2302377083721","44.3805455291416"
"caba_nr_407","cadillac_base","caba","no","-68.2302377083721","44.3804171219806"
"caba_nr_428","cadillac_base","caba","no","-68.2300580453153","44.3808023426188"
"caba_nr_429","cadillac_base","caba","no","-68.2300580453153","44.380673936021"
"caba_nr_430","cadillac_base","caba","no","-68.2300580453153","44.3805455291416"
"caba_nr_431","cadillac_base","caba","no","-68.2300580453153","44.3804171219806"
"caba_nr_454","cadillac_base","caba","no","-68.2298783822585","44.3805455291416"
"caba_nr_455","cadillac_base","caba","no","-68.2298783822585","44.3804171219806"
"camo_r_331","cadillac_mountain","camo","yes","-68.2265140037716","44.35139775122"
"camo_r_332","cadillac_mountain","camo","yes","-68.2265140037716","44.3512692801492"
"camo_r_378","cadillac_mountain","camo","yes","-68.2263343407147","44.3516546925168"
"camo_r_379","cadillac_mountain","camo","yes","-68.2263343407147","44.3515262220092"
"camo_r_380","cadillac_mountain","camo","yes","-68.2263343407147","44.35139775122"
"camo_r_381","cadillac_mountain","camo","yes","-68.2263343407147","44.3512692801492"
"camo_r_382","cadillac_mountain","camo","yes","-68.2263343407147","44.3511408087968"
"camo_r_383","cadillac_mountain","camo","yes","-68.2263343407147","44.3510123371628"
"camo_r_385","cadillac_mountain","camo","yes","-68.2263343407147","44.3507553930499"
"camo_r_413","cadillac_mountain","camo","yes","-68.2261546776579","44.3534532500533"
"camo_r_427","cadillac_mountain","camo","yes","-68.2261546776579","44.3516546925168"
"camo_r_428","cadillac_mountain","camo","yes","-68.2261546776579","44.3515262220092"
"camo_r_429","cadillac_mountain","camo","yes","-68.2261546776579","44.35139775122"
"camo_r_430","cadillac_mountain","camo","yes","-68.2261546776579","44.3512692801492"
"camo_r_431","cadillac_mountain","camo","yes","-68.2261546776579","44.3511408087968"
"camo_r_432","cadillac_mountain","camo","yes","-68.2261546776579","44.3510123371628"
"camo_r_433","cadillac_mountain","camo","yes","-68.2261546776579","44.3508838652471"
"camo_r_434","cadillac_mountain","camo","yes","-68.2261546776579","44.3507553930499"
"camo_r_462","cadillac_mountain","camo","yes","-68.2259750146011","44.3534532500533"
"camo_r_463","cadillac_mountain","camo","yes","-68.2259750146011","44.3533247834883"
"camo_r_464","cadillac_mountain","camo","yes","-68.2259750146011","44.3531963166417"
"camo_r_476","cadillac_mountain","camo","yes","-68.2259750146011","44.3516546925168"
"camo_r_477","cadillac_mountain","camo","yes","-68.2259750146011","44.3515262220092"
"camo_r_478","cadillac_mountain","camo","yes","-68.2259750146011","44.35139775122"
"camo_r_479","cadillac_mountain","camo","yes","-68.2259750146011","44.3512692801492"
"camo_r_480","cadillac_mountain","camo","yes","-68.2259750146011","44.3511408087968"
"camo_r_481","cadillac_mountain","camo","yes","-68.2259750146011","44.3510123371628"
"camo_r_482","cadillac_mountain","camo","yes","-68.2259750146011","44.3508838652471"
"camo_r_483","cadillac_mountain","camo","yes","-68.2259750146011","44.3507553930499"
"camo_r_502","cadillac_mountain","camo","yes","-68.2257953515443","44.3546094364654"
"camo_r_503","cadillac_mountain","camo","yes","-68.2257953515443","44.354480972435"
"camo_r_504","cadillac_mountain","camo","yes","-68.2257953515443","44.3543525081229"
"camo_r_505","cadillac_mountain","camo","yes","-68.2257953515443","44.3542240435292"
"camo_r_511","cadillac_mountain","camo","yes","-68.2257953515443","44.3534532500533"
"camo_r_512","cadillac_mountain","camo","yes","-68.2257953515443","44.3533247834883"
"camo_r_513","cadillac_mountain","camo","yes","-68.2257953515443","44.3531963166417"
"camo_r_514","cadillac_mountain","camo","yes","-68.2257953515443","44.3530678495135"
"camo_r_528","cadillac_mountain","camo","yes","-68.2257953515443","44.3512692801492"
"camo_r_529","cadillac_mountain","camo","yes","-68.2257953515443","44.3511408087968"
"camo_r_530","cadillac_mountain","camo","yes","-68.2257953515443","44.3510123371628"
"camo_r_531","cadillac_mountain","camo","yes","-68.2257953515443","44.3508838652471"
"camo_r_532","cadillac_mountain","camo","yes","-68.2257953515443","44.3507553930499"
"camo_r_550","cadillac_mountain","camo","yes","-68.2256156884875","44.3547379002143"
"camo_r_551","cadillac_mountain","camo","yes","-68.2256156884875","44.3546094364654"
"camo_r_552","cadillac_mountain","camo","yes","-68.2256156884875","44.354480972435"
"camo_r_553","cadillac_mountain","camo","yes","-68.2256156884875","44.3543525081229"
"camo_r_554","cadillac_mountain","camo","yes","-68.2256156884875","44.3542240435292"
"camo_r_555","cadillac_mountain","camo","yes","-68.2256156884875","44.354095578654"
"camo_r_556","cadillac_mountain","camo","yes","-68.2256156884875","44.353967113497"
"camo_r_557","cadillac_mountain","camo","yes","-68.2256156884875","44.3538386480585"
"camo_r_560","cadillac_mountain","camo","yes","-68.2256156884875","44.3534532500533"
"camo_r_561","cadillac_mountain","camo","yes","-68.2256156884875","44.3533247834883"
"camo_r_562","cadillac_mountain","camo","yes","-68.2256156884875","44.3531963166417"
"camo_r_563","cadillac_mountain","camo","yes","-68.2256156884875","44.3530678495135"
"camo_r_602","cadillac_mountain","camo","yes","-68.2254360254306","44.3543525081229"
"camo_r_603","cadillac_mountain","camo","yes","-68.2254360254306","44.3542240435292"
"camo_r_604","cadillac_mountain","camo","yes","-68.2254360254306","44.354095578654"
"camo_r_605","cadillac_mountain","camo","yes","-68.2254360254306","44.353967113497"
"camo_r_606","cadillac_mountain","camo","yes","-68.2254360254306","44.3538386480585"
"camo_r_607","cadillac_mountain","camo","yes","-68.2254360254306","44.3537101823384"
"camo_r_864","cadillac_mountain","camo","yes","-68.2245377101465","44.3521685717309"
"camo_r_865","cadillac_mountain","camo","yes","-68.2245377101465","44.3520401023498"
"camo_r_866","cadillac_mountain","camo","yes","-68.2245377101465","44.351911632687"
"camo_r_911","cadillac_mountain","camo","yes","-68.2243580470897","44.3524255096483"
"camo_r_912","cadillac_mountain","camo","yes","-68.2243580470897","44.3522970408304"
"camo_r_913","cadillac_mountain","camo","yes","-68.2243580470897","44.3521685717309"
"camo_r_914","cadillac_mountain","camo","yes","-68.2243580470897","44.3520401023498"
"camo_r_957","cadillac_mountain","camo","yes","-68.2241783840329","44.3528109144123"
"camo_r_958","cadillac_mountain","camo","yes","-68.2241783840329","44.3526824464392"
"camo_r_959","cadillac_mountain","camo","yes","-68.2241783840329","44.3525539781846"
"camo_r_960","cadillac_mountain","camo","yes","-68.2241783840329","44.3524255096483"
"camo_r_961","cadillac_mountain","camo","yes","-68.2241783840329","44.3522970408304"
"camo_r_962","cadillac_mountain","camo","yes","-68.2241783840329","44.3521685717309"
"camo_r_963","cadillac_mountain","camo","yes","-68.2241783840329","44.3520401023498"
"camo_r_1005","cadillac_mountain","camo","yes","-68.223998720976","44.3529393821037"
"camo_r_1006","cadillac_mountain","camo","yes","-68.223998720976","44.3528109144123"
"camo_r_1007","cadillac_mountain","camo","yes","-68.223998720976","44.3526824464392"
"camo_r_1008","cadillac_mountain","camo","yes","-68.223998720976","44.3525539781846"
"camo_r_1009","cadillac_mountain","camo","yes","-68.223998720976","44.3524255096483"
"camo_r_1010","cadillac_mountain","camo","yes","-68.223998720976","44.3522970408304"
"camo_r_1011","cadillac_mountain","camo","yes","-68.223998720976","44.3521685717309"
"camo_r_1012","cadillac_mountain","camo","yes","-68.223998720976","44.3520401023498"
"camo_r_1013","cadillac_mountain","camo","yes","-68.223998720976","44.351911632687"
"camo_r_1053","cadillac_mountain","camo","yes","-68.2238190579192","44.3530678495135"
"camo_r_1054","cadillac_mountain","camo","yes","-68.2238190579192","44.3529393821037"
"camo_r_1055","cadillac_mountain","camo","yes","-68.2238190579192","44.3528109144123"
"camo_r_1056","cadillac_mountain","camo","yes","-68.2238190579192","44.3526824464392"
"camo_r_1057","cadillac_mountain","camo","yes","-68.2238190579192","44.3525539781846"
"camo_r_1058","cadillac_mountain","camo","yes","-68.2238190579192","44.3524255096483"
"camo_r_1059","cadillac_mountain","camo","yes","-68.2238190579192","44.3522970408304"
"camo_r_1060","cadillac_mountain","camo","yes","-68.2238190579192","44.3521685717309"
"camo_r_1061","cadillac_mountain","camo","yes","-68.2238190579192","44.3520401023498"
"camo_r_1062","cadillac_mountain","camo","yes","-68.2238190579192","44.351911632687"
"camo_r_1101","cadillac_mountain","camo","yes","-68.2236393948624","44.3531963166417"
"camo_r_1102","cadillac_mountain","camo","yes","-68.2236393948624","44.3530678495135"
"camo_r_1103","cadillac_mountain","camo","yes","-68.2236393948624","44.3529393821037"
"camo_r_1104","cadillac_mountain","camo","yes","-68.2236393948624","44.3528109144123"
"camo_r_1105","cadillac_mountain","camo","yes","-68.2236393948624","44.3526824464392"
"camo_r_1106","cadillac_mountain","camo","yes","-68.2236393948624","44.3525539781846"
"camo_r_1107","cadillac_mountain","camo","yes","-68.2236393948624","44.3524255096483"
"camo_r_1108","cadillac_mountain","camo","yes","-68.2236393948624","44.3522970408304"
"camo_r_1109","cadillac_mountain","camo","yes","-68.2236393948624","44.3521685717309"
"camo_r_1110","cadillac_mountain","camo","yes","-68.2236393948624","44.3520401023498"
"camo_r_1111","cadillac_mountain","camo","yes","-68.2236393948624","44.351911632687"
"camo_r_1112","cadillac_mountain","camo","yes","-68.2236393948624","44.3517831627427"
"camo_r_1113","cadillac_mountain","camo","yes","-68.2236393948624","44.3516546925168"
"camo_r_1150","cadillac_mountain","camo","yes","-68.2234597318056","44.3531963166417"
"camo_r_1151","cadillac_mountain","camo","yes","-68.2234597318056","44.3530678495135"
"camo_r_1152","cadillac_mountain","camo","yes","-68.2234597318056","44.3529393821037"
"camo_r_1153","cadillac_mountain","camo","yes","-68.2234597318056","44.3528109144123"
"camo_r_1154","cadillac_mountain","camo","yes","-68.2234597318056","44.3526824464392"
"camo_r_1155","cadillac_mountain","camo","yes","-68.2234597318056","44.3525539781846"
"camo_r_1156","cadillac_mountain","camo","yes","-68.2234597318056","44.3524255096483"
"camo_r_1157","cadillac_mountain","camo","yes","-68.2234597318056","44.3522970408304"
"camo_r_1158","cadillac_mountain","camo","yes","-68.2234597318056","44.3521685717309"
"camo_r_1159","cadillac_mountain","camo","yes","-68.2234597318056","44.3520401023498"
"camo_r_1160","cadillac_mountain","camo","yes","-68.2234597318056","44.351911632687"
"camo_r_1161","cadillac_mountain","camo","yes","-68.2234597318056","44.3517831627427"
"camo_r_1162","cadillac_mountain","camo","yes","-68.2234597318056","44.3516546925168"
"camo_r_1200","cadillac_mountain","camo","yes","-68.2232800687487","44.3530678495135"
"camo_r_1201","cadillac_mountain","camo","yes","-68.2232800687487","44.3529393821037"
"camo_r_1202","cadillac_mountain","camo","yes","-68.2232800687487","44.3528109144123"
"camo_r_1203","cadillac_mountain","camo","yes","-68.2232800687487","44.3526824464392"
"camo_r_1204","cadillac_mountain","camo","yes","-68.2232800687487","44.3525539781846"
"camo_r_1205","cadillac_mountain","camo","yes","-68.2232800687487","44.3524255096483"
"camo_r_1206","cadillac_mountain","camo","yes","-68.2232800687487","44.3522970408304"
"camo_r_1207","cadillac_mountain","camo","yes","-68.2232800687487","44.3521685717309"
"camo_r_1208","cadillac_mountain","camo","yes","-68.2232800687487","44.3520401023498"
"camo_r_1209","cadillac_mountain","camo","yes","-68.2232800687487","44.351911632687"
"camo_r_1210","cadillac_mountain","camo","yes","-68.2232800687487","44.3517831627427"
"camo_r_1211","cadillac_mountain","camo","yes","-68.2232800687487","44.3516546925168"
"camo_r_1252","cadillac_mountain","camo","yes","-68.2231004056919","44.3526824464392"
"camo_r_1253","cadillac_mountain","camo","yes","-68.2231004056919","44.3525539781846"
"camo_r_1254","cadillac_mountain","camo","yes","-68.2231004056919","44.3524255096483"
"camo_r_1255","cadillac_mountain","camo","yes","-68.2231004056919","44.3522970408304"
"camo_r_1256","cadillac_mountain","camo","yes","-68.2231004056919","44.3521685717309"
"camo_r_1257","cadillac_mountain","camo","yes","-68.2231004056919","44.3520401023498"
"camo_r_1258","cadillac_mountain","camo","yes","-68.2231004056919","44.351911632687"
"camo_r_1259","cadillac_mountain","camo","yes","-68.2231004056919","44.3517831627427"
"camo_r_1260","cadillac_mountain","camo","yes","-68.2231004056919","44.3516546925168"
"camo_r_1301","cadillac_mountain","camo","yes","-68.2229207426351","44.3526824464392"
"camo_r_1302","cadillac_mountain","camo","yes","-68.2229207426351","44.3525539781846"
"camo_r_1303","cadillac_mountain","camo","yes","-68.2229207426351","44.3524255096483"
"camo_r_1304","cadillac_mountain","camo","yes","-68.2229207426351","44.3522970408304"
"camo_r_1305","cadillac_mountain","camo","yes","-68.2229207426351","44.3521685717309"
"camo_r_1306","cadillac_mountain","camo","yes","-68.2229207426351","44.3520401023498"
"camo_r_1307","cadillac_mountain","camo","yes","-68.2229207426351","44.351911632687"
"camo_r_1350","cadillac_mountain","camo","yes","-68.2227410795783","44.3526824464392"
"camo_r_1351","cadillac_mountain","camo","yes","-68.2227410795783","44.3525539781846"
"camo_r_1352","cadillac_mountain","camo","yes","-68.2227410795783","44.3524255096483"
"camo_r_1353","cadillac_mountain","camo","yes","-68.2227410795783","44.3522970408304"
"camo_r_1354","cadillac_mountain","camo","yes","-68.2227410795783","44.3521685717309"
"camo_r_1355","cadillac_mountain","camo","yes","-68.2227410795783","44.3520401023498"
"camo_r_1399","cadillac_mountain","camo","yes","-68.2225614165215","44.3526824464392"
"camo_r_1400","cadillac_mountain","camo","yes","-68.2225614165215","44.3525539781846"
"camo_r_1401","cadillac_mountain","camo","yes","-68.2225614165215","44.3524255096483"
"camo_r_1402","cadillac_mountain","camo","yes","-68.2225614165215","44.3522970408304"
"camo_r_1403","cadillac_mountain","camo","yes","-68.2225614165215","44.3521685717309"
"camo_r_1404","cadillac_mountain","camo","yes","-68.2225614165215","44.3520401023498"
"otpo_r_2983","otter_point","otpo","yes","-68.1906083131192","44.3132418920812"
"otpo_r_3060","otter_point","otpo","yes","-68.1904286500624","44.3131133373997"
"otpo_r_3136","otter_point","otpo","yes","-68.1902489870056","44.3131133373997"
"otpo_r_3137","otter_point","otpo","yes","-68.1902489870056","44.3129847824366"
"otpo_r_3139","otter_point","otpo","yes","-68.1902489870056","44.3127276716655"
"otpo_r_3140","otter_point","otpo","yes","-68.1902489870056","44.3125991158575"
"otpo_r_3141","otter_point","otpo","yes","-68.1902489870056","44.312470559768"
"otpo_r_3142","otter_point","otpo","yes","-68.1902489870056","44.3123420033968"
"otpo_r_3213","otter_point","otpo","yes","-68.1900693239488","44.3129847824366"
"otpo_r_3214","otter_point","otpo","yes","-68.1900693239488","44.3128562271918"
"otpo_r_3215","otter_point","otpo","yes","-68.1900693239488","44.3127276716655"
"otpo_r_3216","otter_point","otpo","yes","-68.1900693239488","44.3125991158575"
"otpo_r_3217","otter_point","otpo","yes","-68.1900693239488","44.312470559768"
"otpo_r_3218","otter_point","otpo","yes","-68.1900693239488","44.3123420033968"
"otpo_r_3291","otter_point","otpo","yes","-68.1898896608919","44.3127276716655"
"otpo_r_3295","otter_point","otpo","yes","-68.1898896608919","44.3122134467441"
"otpo_r_3371","otter_point","otpo","yes","-68.1897099978351","44.3122134467441"
"otpo_r_3408","otter_point","otpo","yes","-68.1897099978351","44.3074566526243"
"otpo_r_3448","otter_point","otpo","yes","-68.1895303347783","44.3120848898097"
"otpo_r_3449","otter_point","otpo","yes","-68.1895303347783","44.3119563325938"
"otpo_r_3450","otter_point","otpo","yes","-68.1895303347783","44.3118277750962"
"otpo_r_3451","otter_point","otpo","yes","-68.1895303347783","44.311699217317"
"otpo_r_3452","otter_point","otpo","yes","-68.1895303347783","44.3115706592562"
"otpo_r_3453","otter_point","otpo","yes","-68.1895303347783","44.3114421009139"
"otpo_r_3454","otter_point","otpo","yes","-68.1895303347783","44.3113135422899"
"otpo_r_3455","otter_point","otpo","yes","-68.1895303347783","44.3111849833843"
"otpo_r_3465","otter_point","otpo","yes","-68.1895303347783","44.3098993788401"
"otpo_r_3466","otter_point","otpo","yes","-68.1895303347783","44.3097708168369"
"otpo_r_3467","otter_point","otpo","yes","-68.1895303347783","44.309642254552"
"otpo_r_3468","otter_point","otpo","yes","-68.1895303347783","44.3095136919856"
"otpo_r_3469","otter_point","otpo","yes","-68.1895303347783","44.3093851291375"
"otpo_r_3483","otter_point","otpo","yes","-68.1895303347783","44.3075852196964"
"otpo_r_3484","otter_point","otpo","yes","-68.1895303347783","44.3074566526243"
"otpo_r_3525","otter_point","otpo","yes","-68.1893506717215","44.3119563325938"
"otpo_r_3526","otter_point","otpo","yes","-68.1893506717215","44.3118277750962"
"otpo_r_3527","otter_point","otpo","yes","-68.1893506717215","44.311699217317"
"otpo_r_3528","otter_point","otpo","yes","-68.1893506717215","44.3115706592562"
"otpo_r_3529","otter_point","otpo","yes","-68.1893506717215","44.3114421009139"
"otpo_r_3530","otter_point","otpo","yes","-68.1893506717215","44.3113135422899"
"otpo_r_3531","otter_point","otpo","yes","-68.1893506717215","44.3111849833843"
"otpo_r_3532","otter_point","otpo","yes","-68.1893506717215","44.3110564241971"
"otpo_r_3537","otter_point","otpo","yes","-68.1893506717215","44.310413624037"
"otpo_r_3538","otter_point","otpo","yes","-68.1893506717215","44.3102850631602"
"otpo_r_3539","otter_point","otpo","yes","-68.1893506717215","44.3101565020018"
"otpo_r_3540","otter_point","otpo","yes","-68.1893506717215","44.3100279405617"
"otpo_r_3541","otter_point","otpo","yes","-68.1893506717215","44.3098993788401"
"otpo_r_3542","otter_point","otpo","yes","-68.1893506717215","44.3097708168369"
"otpo_r_3543","otter_point","otpo","yes","-68.1893506717215","44.309642254552"
"otpo_r_3544","otter_point","otpo","yes","-68.1893506717215","44.3095136919856"
"otpo_r_3545","otter_point","otpo","yes","-68.1893506717215","44.3093851291375"
"otpo_r_3546","otter_point","otpo","yes","-68.1893506717215","44.3092565660079"
"otpo_r_3557","otter_point","otpo","yes","-68.1893506717215","44.3078423529958"
"otpo_r_3558","otter_point","otpo","yes","-68.1893506717215","44.3077137864869"
"otpo_r_3603","otter_point","otpo","yes","-68.1891710086646","44.311699217317"
"otpo_r_3606","otter_point","otpo","yes","-68.1891710086646","44.3113135422899"
"otpo_r_3607","otter_point","otpo","yes","-68.1891710086646","44.3111849833843"
"otpo_r_3608","otter_point","otpo","yes","-68.1891710086646","44.3110564241971"
"otpo_r_3613","otter_point","otpo","yes","-68.1891710086646","44.310413624037"
"otpo_r_3614","otter_point","otpo","yes","-68.1891710086646","44.3102850631602"
"otpo_r_3615","otter_point","otpo","yes","-68.1891710086646","44.3101565020018"
"otpo_r_3616","otter_point","otpo","yes","-68.1891710086646","44.3100279405617"
"otpo_r_3617","otter_point","otpo","yes","-68.1891710086646","44.3098993788401"
"otpo_r_3618","otter_point","otpo","yes","-68.1891710086646","44.3097708168369"
"otpo_r_3619","otter_point","otpo","yes","-68.1891710086646","44.309642254552"
"otpo_r_3620","otter_point","otpo","yes","-68.1891710086646","44.3095136919856"
"otpo_r_3621","otter_point","otpo","yes","-68.1891710086646","44.3093851291375"
"otpo_r_3622","otter_point","otpo","yes","-68.1891710086646","44.3092565660079"
"otpo_r_3623","otter_point","otpo","yes","-68.1891710086646","44.3091280025966"
"otpo_r_3627","otter_point","otpo","yes","-68.1891710086646","44.3086137461355"
"otpo_r_3628","otter_point","otpo","yes","-68.1891710086646","44.3084851813163"
"otpo_r_3629","otter_point","otpo","yes","-68.1891710086646","44.3083566162154"
"otpo_r_3630","otter_point","otpo","yes","-68.1891710086646","44.3082280508329"
"otpo_r_3631","otter_point","otpo","yes","-68.1891710086646","44.3080994851688"
"otpo_r_3632","otter_point","otpo","yes","-68.1891710086646","44.3079709192231"
"otpo_r_3633","otter_point","otpo","yes","-68.1891710086646","44.3078423529958"
"otpo_r_3683","otter_point","otpo","yes","-68.1889913456078","44.3111849833843"
"otpo_r_3684","otter_point","otpo","yes","-68.1889913456078","44.3110564241971"
"otpo_r_3692","otter_point","otpo","yes","-68.1889913456078","44.3100279405617"
"otpo_r_3693","otter_point","otpo","yes","-68.1889913456078","44.3098993788401"
"otpo_r_3694","otter_point","otpo","yes","-68.1889913456078","44.3097708168369"
"otpo_r_3695","otter_point","otpo","yes","-68.1889913456078","44.309642254552"
"otpo_r_3699","otter_point","otpo","yes","-68.1889913456078","44.3091280025966"
"otpo_r_3700","otter_point","otpo","yes","-68.1889913456078","44.3089994389038"
"otpo_r_3701","otter_point","otpo","yes","-68.1889913456078","44.3088708749293"
"otpo_r_3702","otter_point","otpo","yes","-68.1889913456078","44.3087423106732"
"otpo_r_3703","otter_point","otpo","yes","-68.1889913456078","44.3086137461355"
"otpo_r_3704","otter_point","otpo","yes","-68.1889913456078","44.3084851813163"
"otpo_r_3705","otter_point","otpo","yes","-68.1889913456078","44.3083566162154"
"otpo_r_3706","otter_point","otpo","yes","-68.1889913456078","44.3082280508329"
"otpo_r_3707","otter_point","otpo","yes","-68.1889913456078","44.3080994851688"
"otpo_r_3708","otter_point","otpo","yes","-68.1889913456078","44.3079709192231"
"otpo_r_3777","otter_point","otpo","yes","-68.188811682551","44.3088708749293"
"otpo_r_3778","otter_point","otpo","yes","-68.188811682551","44.3087423106732"
"otpo_r_3779","otter_point","otpo","yes","-68.188811682551","44.3086137461355"
"otpo_r_3780","otter_point","otpo","yes","-68.188811682551","44.3084851813163"
"otpo_r_3781","otter_point","otpo","yes","-68.188811682551","44.3083566162154"
"pemo_nr_599","penobscot_mountain","pemo","no","-68.2727950203598","44.3354204643868"
"pemo_nr_600","penobscot_mountain","pemo","no","-68.2727950203598","44.3352919582981"
"pemo_nr_655","penobscot_mountain","pemo","no","-68.272615357303","44.3356774757193"
"pemo_nr_656","penobscot_mountain","pemo","no","-68.272615357303","44.3355489701939"
"pemo_nr_657","penobscot_mountain","pemo","no","-68.272615357303","44.3354204643868"
"pemo_nr_711","penobscot_mountain","pemo","no","-68.2724356942462","44.3359344859254"
"pemo_nr_712","penobscot_mountain","pemo","no","-68.2724356942462","44.3358059809632"
"pemo_nr_713","penobscot_mountain","pemo","no","-68.2724356942462","44.3356774757193"
"pemo_nr_714","penobscot_mountain","pemo","no","-68.2724356942462","44.3355489701939"
"pemo_nr_762","penobscot_mountain","pemo","no","-68.2722560311894","44.336834012776"
"pemo_nr_763","penobscot_mountain","pemo","no","-68.2722560311894","44.336705509785"
"pemo_nr_764","penobscot_mountain","pemo","no","-68.2722560311894","44.3365770065124"
"pemo_nr_765","penobscot_mountain","pemo","no","-68.2722560311894","44.3364485029583"
"pemo_nr_766","penobscot_mountain","pemo","no","-68.2722560311894","44.3363199991225"
"pemo_nr_769","penobscot_mountain","pemo","no","-68.2722560311894","44.3359344859254"
"pemo_nr_770","penobscot_mountain","pemo","no","-68.2722560311894","44.3358059809632"
"pemo_nr_820","penobscot_mountain","pemo","no","-68.2720763681325","44.336834012776"
"pemo_nr_821","penobscot_mountain","pemo","no","-68.2720763681325","44.336705509785"
"pemo_nr_822","penobscot_mountain","pemo","no","-68.2720763681325","44.3365770065124"
"pemo_nr_823","penobscot_mountain","pemo","no","-68.2720763681325","44.3364485029583"
"pemo_nr_824","penobscot_mountain","pemo","no","-68.2720763681325","44.3363199991225"
"pemo_nr_825","penobscot_mountain","pemo","no","-68.2720763681325","44.3361914950051"
"pemo_nr_826","penobscot_mountain","pemo","no","-68.2720763681325","44.336062990606"
"pemo_nr_827","penobscot_mountain","pemo","no","-68.2720763681325","44.3359344859254"
"pemo_nr_828","penobscot_mountain","pemo","no","-68.2720763681325","44.3358059809632"
"pemo_nr_878","penobscot_mountain","pemo","no","-68.2718967050757","44.336834012776"
"pemo_nr_879","penobscot_mountain","pemo","no","-68.2718967050757","44.336705509785"
"pemo_nr_880","penobscot_mountain","pemo","no","-68.2718967050757","44.3365770065124"
"pemo_nr_881","penobscot_mountain","pemo","no","-68.2718967050757","44.3364485029583"
"pemo_nr_882","penobscot_mountain","pemo","no","-68.2718967050757","44.3363199991225"
"pemo_nr_883","penobscot_mountain","pemo","no","-68.2718967050757","44.3361914950051"
"pemo_nr_884","penobscot_mountain","pemo","no","-68.2718967050757","44.336062990606"
"pemo_nr_936","penobscot_mountain","pemo","no","-68.2717170420189","44.336834012776"
"pemo_nr_937","penobscot_mountain","pemo","no","-68.2717170420189","44.336705509785"
"pemo_nr_938","penobscot_mountain","pemo","no","-68.2717170420189","44.3365770065124"
"pemo_nr_939","penobscot_mountain","pemo","no","-68.2717170420189","44.3364485029583"
"pemo_nr_940","penobscot_mountain","pemo","no","-68.2717170420189","44.3363199991225"
"pemo_nr_992","penobscot_mountain","pemo","no","-68.2715373789621","44.3370910179131"
"pemo_nr_993","penobscot_mountain","pemo","no","-68.2715373789621","44.3369625154853"
"pemo_nr_994","penobscot_mountain","pemo","no","-68.2715373789621","44.336834012776"
"pemo_nr_995","penobscot_mountain","pemo","no","-68.2715373789621","44.336705509785"
"pemo_nr_996","penobscot_mountain","pemo","no","-68.2715373789621","44.3365770065124"
"pemo_nr_997","penobscot_mountain","pemo","no","-68.2715373789621","44.3364485029583"
"pemo_nr_998","penobscot_mountain","pemo","no","-68.2715373789621","44.3363199991225"
"pemo_nr_1007","penobscot_mountain","pemo","no","-68.2715373789621","44.3351634519279"
"pemo_nr_1008","penobscot_mountain","pemo","no","-68.2715373789621","44.335034945276"
"pemo_nr_1050","penobscot_mountain","pemo","no","-68.2713577159052","44.3370910179131"
"pemo_nr_1051","penobscot_mountain","pemo","no","-68.2713577159052","44.3369625154853"
"pemo_nr_1052","penobscot_mountain","pemo","no","-68.2713577159052","44.336834012776"
"pemo_nr_1053","penobscot_mountain","pemo","no","-68.2713577159052","44.336705509785"
"pemo_nr_1054","penobscot_mountain","pemo","no","-68.2713577159052","44.3365770065124"
"pemo_nr_1064","penobscot_mountain","pemo","no","-68.2713577159052","44.3352919582981"
"pemo_nr_1065","penobscot_mountain","pemo","no","-68.2713577159052","44.3351634519279"
"pemo_nr_1066","penobscot_mountain","pemo","no","-68.2713577159052","44.335034945276"
"pemo_nr_1067","penobscot_mountain","pemo","no","-68.2713577159052","44.3349064383425"
"pemo_nr_1068","penobscot_mountain","pemo","no","-68.2713577159052","44.3347779311273"
"pemo_nr_1069","penobscot_mountain","pemo","no","-68.2713577159052","44.3346494236306"
"pemo_nr_1070","penobscot_mountain","pemo","no","-68.2713577159052","44.3345209158523"
"pemo_nr_1071","penobscot_mountain","pemo","no","-68.2713577159052","44.3343924077924"
"pemo_nr_1108","penobscot_mountain","pemo","no","-68.2711780528484","44.3370910179131"
"pemo_nr_1109","penobscot_mountain","pemo","no","-68.2711780528484","44.3369625154853"
"pemo_nr_1110","penobscot_mountain","pemo","no","-68.2711780528484","44.336834012776"
"pemo_nr_1111","penobscot_mountain","pemo","no","-68.2711780528484","44.336705509785"
"pemo_nr_1112","penobscot_mountain","pemo","no","-68.2711780528484","44.3365770065124"
"pemo_nr_1122","penobscot_mountain","pemo","no","-68.2711780528484","44.3352919582981"
"pemo_nr_1123","penobscot_mountain","pemo","no","-68.2711780528484","44.3351634519279"
"pemo_nr_1124","penobscot_mountain","pemo","no","-68.2711780528484","44.335034945276"
"pemo_nr_1125","penobscot_mountain","pemo","no","-68.2711780528484","44.3349064383425"
"pemo_nr_1126","penobscot_mountain","pemo","no","-68.2711780528484","44.3347779311273"
"pemo_nr_1127","penobscot_mountain","pemo","no","-68.2711780528484","44.3346494236306"
"pemo_nr_1128","penobscot_mountain","pemo","no","-68.2711780528484","44.3345209158523"
"pemo_nr_1129","penobscot_mountain","pemo","no","-68.2711780528484","44.3343924077924"
"pemo_nr_1166","penobscot_mountain","pemo","no","-68.2709983897916","44.3370910179131"
"pemo_nr_1167","penobscot_mountain","pemo","no","-68.2709983897916","44.3369625154853"
"pemo_nr_1168","penobscot_mountain","pemo","no","-68.2709983897916","44.336834012776"
"pemo_nr_1169","penobscot_mountain","pemo","no","-68.2709983897916","44.336705509785"
"pemo_nr_1170","penobscot_mountain","pemo","no","-68.2709983897916","44.3365770065124"
"pemo_nr_1171","penobscot_mountain","pemo","no","-68.2709983897916","44.3364485029583"
"pemo_nr_1179","penobscot_mountain","pemo","no","-68.2709983897916","44.3354204643868"
"pemo_nr_1180","penobscot_mountain","pemo","no","-68.2709983897916","44.3352919582981"
"pemo_nr_1181","penobscot_mountain","pemo","no","-68.2709983897916","44.3351634519279"
"pemo_nr_1182","penobscot_mountain","pemo","no","-68.2709983897916","44.335034945276"
"pemo_nr_1183","penobscot_mountain","pemo","no","-68.2709983897916","44.3349064383425"
"pemo_nr_1184","penobscot_mountain","pemo","no","-68.2709983897916","44.3347779311273"
"pemo_nr_1185","penobscot_mountain","pemo","no","-68.2709983897916","44.3346494236306"
"pemo_nr_1186","penobscot_mountain","pemo","no","-68.2709983897916","44.3345209158523"
"pemo_nr_1187","penobscot_mountain","pemo","no","-68.2709983897916","44.3343924077924"
"pemo_nr_1237","penobscot_mountain","pemo","no","-68.2708187267348","44.3354204643868"
"pemo_nr_1238","penobscot_mountain","pemo","no","-68.2708187267348","44.3352919582981"
"pemo_nr_1239","penobscot_mountain","pemo","no","-68.2708187267348","44.3351634519279"
"pemo_nr_2527","penobscot_mountain","pemo","no","-68.2668661394846","44.3336213535189"
"pemo_nr_2528","penobscot_mountain","pemo","no","-68.2668661394846","44.3334928434877"
"pemo_nr_2529","penobscot_mountain","pemo","no","-68.2668661394846","44.3333643331748"
"pemo_nr_2530","penobscot_mountain","pemo","no","-68.2668661394846","44.3332358225804"
"pemo_nr_2531","penobscot_mountain","pemo","no","-68.2668661394846","44.3331073117044"
"pemo_nr_2532","penobscot_mountain","pemo","no","-68.2668661394846","44.3329788005467"
"pemo_nr_2533","penobscot_mountain","pemo","no","-68.2668661394846","44.3328502891075"
"pemo_nr_2534","penobscot_mountain","pemo","no","-68.2668661394846","44.3327217773866"
"pemo_nr_2585","penobscot_mountain","pemo","no","-68.2666864764278","44.3336213535189"
"pemo_nr_2586","penobscot_mountain","pemo","no","-68.2666864764278","44.3334928434877"
"pemo_nr_2587","penobscot_mountain","pemo","no","-68.2666864764278","44.3333643331748"
"pemo_nr_2588","penobscot_mountain","pemo","no","-68.2666864764278","44.3332358225804"
"pemo_nr_2589","penobscot_mountain","pemo","no","-68.2666864764278","44.3331073117044"
"pemo_nr_2590","penobscot_mountain","pemo","no","-68.2666864764278","44.3329788005467"
"pemo_nr_2591","penobscot_mountain","pemo","no","-68.2666864764278","44.3328502891075"
"pemo_nr_2592","penobscot_mountain","pemo","no","-68.2666864764278","44.3327217773866"
"pemo_nr_2643","penobscot_mountain","pemo","no","-68.266506813371","44.3336213535189"
"pemo_nr_2644","penobscot_mountain","pemo","no","-68.266506813371","44.3334928434877"
"pemo_nr_2645","penobscot_mountain","pemo","no","-68.266506813371","44.3333643331748"
"pemo_nr_2646","penobscot_mountain","pemo","no","-68.266506813371","44.3332358225804"
"pemo_nr_2647","penobscot_mountain","pemo","no","-68.266506813371","44.3331073117044"
"pemo_nr_2648","penobscot_mountain","pemo","no","-68.266506813371","44.3329788005467"
"pemo_nr_2649","penobscot_mountain","pemo","no","-68.266506813371","44.3328502891075"
"pemo_nr_2650","penobscot_mountain","pemo","no","-68.266506813371","44.3327217773866"
"pemo_nr_2703","penobscot_mountain","pemo","no","-68.2663271503142","44.3333643331748"
"pemo_nr_2704","penobscot_mountain","pemo","no","-68.2663271503142","44.3332358225804"
"pemo_nr_2705","penobscot_mountain","pemo","no","-68.2663271503142","44.3331073117044"
"pemo_nr_2706","penobscot_mountain","pemo","no","-68.2663271503142","44.3329788005467"
"pemo_nr_2707","penobscot_mountain","pemo","no","-68.2663271503142","44.3328502891075"
"pemo_nr_2708","penobscot_mountain","pemo","no","-68.2663271503142","44.3327217773866"
"sche_r_15","schoodic_head","sche","yes","-68.0544794906461","44.3501158741752"
"sche_r_16","schoodic_head","sche","yes","-68.0544794906461","44.3499874002945"
"sche_r_46","schoodic_head","sche","yes","-68.0542998275892","44.3501158741752"
"sche_r_47","schoodic_head","sche","yes","-68.0542998275892","44.3499874002945"
"sche_r_77","schoodic_head","sche","yes","-68.0541201645324","44.3501158741752"
"sche_r_78","schoodic_head","sche","yes","-68.0541201645324","44.3499874002945"
"sche_r_108","schoodic_head","sche","yes","-68.0539405014756","44.3501158741752"
"sche_r_109","schoodic_head","sche","yes","-68.0539405014756","44.3499874002945"
"sche_r_140","schoodic_head","sche","yes","-68.0537608384188","44.3499874002945"
"sche_r_141","schoodic_head","sche","yes","-68.0537608384188","44.3498589261322"
"sche_r_148","schoodic_head","sche","yes","-68.0537608384188","44.3489595991109"
"sche_r_149","schoodic_head","sche","yes","-68.0537608384188","44.3488311226957"
"sche_r_153","schoodic_head","sche","yes","-68.0537608384188","44.3483172142187"
"sche_r_155","schoodic_head","sche","yes","-68.0537608384188","44.3480602582905"
"sche_r_172","schoodic_head","sche","yes","-68.0535811753619","44.3498589261322"
"sche_r_178","schoodic_head","sche","yes","-68.0535811753619","44.3490880752445"
"sche_r_179","schoodic_head","sche","yes","-68.0535811753619","44.3489595991109"
"sche_r_180","schoodic_head","sche","yes","-68.0535811753619","44.3488311226957"
"sche_r_181","schoodic_head","sche","yes","-68.0535811753619","44.3487026459988"
"sche_r_182","schoodic_head","sche","yes","-68.0535811753619","44.3485741690204"
"sche_r_183","schoodic_head","sche","yes","-68.0535811753619","44.3484456917604"
"sche_r_184","schoodic_head","sche","yes","-68.0535811753619","44.3483172142187"
"sche_r_185","schoodic_head","sche","yes","-68.0535811753619","44.3481887363954"
"sche_r_186","schoodic_head","sche","yes","-68.0535811753619","44.3480602582905"
"sche_r_203","schoodic_head","sche","yes","-68.0534015123051","44.3498589261322"
"sche_r_208","schoodic_head","sche","yes","-68.0534015123051","44.3492165510965"
"sche_r_209","schoodic_head","sche","yes","-68.0534015123051","44.3490880752445"
"sche_r_210","schoodic_head","sche","yes","-68.0534015123051","44.3489595991109"
"sche_r_211","schoodic_head","sche","yes","-68.0534015123051","44.3488311226957"
"sche_r_212","schoodic_head","sche","yes","-68.0534015123051","44.3487026459988"
"sche_r_213","schoodic_head","sche","yes","-68.0534015123051","44.3485741690204"
"sche_r_214","schoodic_head","sche","yes","-68.0534015123051","44.3484456917604"
"sche_r_215","schoodic_head","sche","yes","-68.0534015123051","44.3483172142187"
"sche_r_217","schoodic_head","sche","yes","-68.0534015123051","44.3480602582905"
"sche_r_240","schoodic_head","sche","yes","-68.0532218492483","44.3490880752445"
"sche_r_242","schoodic_head","sche","yes","-68.0532218492483","44.3488311226957"
"sche_r_243","schoodic_head","sche","yes","-68.0532218492483","44.3487026459988"
"sche_r_244","schoodic_head","sche","yes","-68.0532218492483","44.3485741690204"
"sche_r_246","schoodic_head","sche","yes","-68.0532218492483","44.3483172142187"
"sche_r_253","schoodic_head","sche","yes","-68.0530421861915","44.3514005974934"
"sche_r_254","schoodic_head","sche","yes","-68.0530421861915","44.3512721264288"
"sche_r_255","schoodic_head","sche","yes","-68.0530421861915","44.3511436550827"
"sche_r_256","schoodic_head","sche","yes","-68.0530421861915","44.3510151834549"
"sche_r_257","schoodic_head","sche","yes","-68.0530421861915","44.3508867115455"
"sche_r_258","schoodic_head","sche","yes","-68.0530421861915","44.3507582393545"
"sche_r_259","schoodic_head","sche","yes","-68.0530421861915","44.3506297668818"
"sche_r_260","schoodic_head","sche","yes","-68.0530421861915","44.3505012941276"
"sche_r_261","schoodic_head","sche","yes","-68.0530421861915","44.3503728210917"
"sche_r_262","schoodic_head","sche","yes","-68.0530421861915","44.3502443477743"
"sche_r_263","schoodic_head","sche","yes","-68.0530421861915","44.3501158741752"
"sche_r_264","schoodic_head","sche","yes","-68.0530421861915","44.3499874002945"
"sche_r_265","schoodic_head","sche","yes","-68.0530421861915","44.3498589261322"
"sche_r_284","schoodic_head","sche","yes","-68.0528625231346","44.3514005974934"
"sche_r_285","schoodic_head","sche","yes","-68.0528625231346","44.3512721264288"
"sche_r_286","schoodic_head","sche","yes","-68.0528625231346","44.3511436550827"
"sche_r_287","schoodic_head","sche","yes","-68.0528625231346","44.3510151834549"
"sche_r_288","schoodic_head","sche","yes","-68.0528625231346","44.3508867115455"
"sche_r_289","schoodic_head","sche","yes","-68.0528625231346","44.3507582393545"
"sche_r_290","schoodic_head","sche","yes","-68.0528625231346","44.3506297668818"
"sche_r_291","schoodic_head","sche","yes","-68.0528625231346","44.3505012941276"
"sche_r_292","schoodic_head","sche","yes","-68.0528625231346","44.3503728210917"
"sche_r_293","schoodic_head","sche","yes","-68.0528625231346","44.3502443477743"
"sche_r_294","schoodic_head","sche","yes","-68.0528625231346","44.3501158741752"
"sche_r_295","schoodic_head","sche","yes","-68.0528625231346","44.3499874002945"
"sche_r_296","schoodic_head","sche","yes","-68.0528625231346","44.3498589261322"
"sche_r_297","schoodic_head","sche","yes","-68.0528625231346","44.3497304516883"
"sche_r_318","schoodic_head","sche","yes","-68.0526828600778","44.3510151834549"
"sche_r_319","schoodic_head","sche","yes","-68.0526828600778","44.3508867115455"
"sche_r_322","schoodic_head","sche","yes","-68.0526828600778","44.3505012941276"
"sche_r_323","schoodic_head","sche","yes","-68.0526828600778","44.3503728210917"
"sche_r_324","schoodic_head","sche","yes","-68.0526828600778","44.3502443477743"
"sche_r_325","schoodic_head","sche","yes","-68.0526828600778","44.3501158741752"
"sche_r_326","schoodic_head","sche","yes","-68.0526828600778","44.3499874002945"
"sche_r_327","schoodic_head","sche","yes","-68.0526828600778","44.3498589261322"
"sche_r_328","schoodic_head","sche","yes","-68.0526828600778","44.3497304516883"
"sche_r_329","schoodic_head","sche","yes","-68.0526828600778","44.3496019769627"
"sche_r_330","schoodic_head","sche","yes","-68.0526828600778","44.3494735019556"
"sche_r_331","schoodic_head","sche","yes","-68.0526828600778","44.3493450266668"
"sche_r_332","schoodic_head","sche","yes","-68.0526828600778","44.3492165510965"
"sche_r_334","schoodic_head","sche","yes","-68.0526828600778","44.3489595991109"
"sche_r_353","schoodic_head","sche","yes","-68.052503197021","44.3505012941276"
"sche_r_354","schoodic_head","sche","yes","-68.052503197021","44.3503728210917"
"sche_r_355","schoodic_head","sche","yes","-68.052503197021","44.3502443477743"
"sche_r_356","schoodic_head","sche","yes","-68.052503197021","44.3501158741752"
"sche_r_357","schoodic_head","sche","yes","-68.052503197021","44.3499874002945"
"sche_r_358","schoodic_head","sche","yes","-68.052503197021","44.3498589261322"
"sche_r_359","schoodic_head","sche","yes","-68.052503197021","44.3497304516883"
"sche_r_360","schoodic_head","sche","yes","-68.052503197021","44.3496019769627"
"sche_r_361","schoodic_head","sche","yes","-68.052503197021","44.3494735019556"
"sche_r_362","schoodic_head","sche","yes","-68.052503197021","44.3493450266668"
"sche_r_363","schoodic_head","sche","yes","-68.052503197021","44.3492165510965"
"sche_r_364","schoodic_head","sche","yes","-68.052503197021","44.3490880752445"
"sche_r_365","schoodic_head","sche","yes","-68.052503197021","44.3489595991109"
"sche_r_366","schoodic_head","sche","yes","-68.052503197021","44.3488311226957"
"sche_r_383","schoodic_head","sche","yes","-68.0523235339642","44.3506297668818"
"sche_r_384","schoodic_head","sche","yes","-68.0523235339642","44.3505012941276"
"sche_r_385","schoodic_head","sche","yes","-68.0523235339642","44.3503728210917"
"sche_r_386","schoodic_head","sche","yes","-68.0523235339642","44.3502443477743"
"sche_r_387","schoodic_head","sche","yes","-68.0523235339642","44.3501158741752"
"sche_r_388","schoodic_head","sche","yes","-68.0523235339642","44.3499874002945"
"sche_r_389","schoodic_head","sche","yes","-68.0523235339642","44.3498589261322"
"sche_r_390","schoodic_head","sche","yes","-68.0523235339642","44.3497304516883"
"sche_r_391","schoodic_head","sche","yes","-68.0523235339642","44.3496019769627"
"sche_r_392","schoodic_head","sche","yes","-68.0523235339642","44.3494735019556"
"sche_r_397","schoodic_head","sche","yes","-68.0523235339642","44.3488311226957"
"sche_r_414","schoodic_head","sche","yes","-68.0521438709074","44.3506297668818"
"sche_r_415","schoodic_head","sche","yes","-68.0521438709074","44.3505012941276"
"sche_r_416","schoodic_head","sche","yes","-68.0521438709074","44.3503728210917"
"sche_r_417","schoodic_head","sche","yes","-68.0521438709074","44.3502443477743"
"sche_r_418","schoodic_head","sche","yes","-68.0521438709074","44.3501158741752"
"sche_r_419","schoodic_head","sche","yes","-68.0521438709074","44.3499874002945"
"sche_r_420","schoodic_head","sche","yes","-68.0521438709074","44.3498589261322"
"sche_r_421","schoodic_head","sche","yes","-68.0521438709074","44.3497304516883"
"sche_r_428","schoodic_head","sche","yes","-68.0521438709074","44.3488311226957"
"sche_r_429","schoodic_head","sche","yes","-68.0521438709074","44.3487026459988"
"sche_r_445","schoodic_head","sche","yes","-68.0519642078505","44.3506297668818"
"sche_r_446","schoodic_head","sche","yes","-68.0519642078505","44.3505012941276"
"sche_r_447","schoodic_head","sche","yes","-68.0519642078505","44.3503728210917"
"sche_r_448","schoodic_head","sche","yes","-68.0519642078505","44.3502443477743"
"sche_r_460","schoodic_head","sche","yes","-68.0519642078505","44.3487026459988"
"scmo_nr_699","schoodic_mountain","scmo","no","-68.1485771012743","44.5737287113735"
"scmo_nr_700","schoodic_mountain","scmo","no","-68.1485771012743","44.5736007286273"
"scmo_nr_701","schoodic_mountain","scmo","no","-68.1485771012743","44.5734727455995"
"scmo_nr_702","schoodic_mountain","scmo","no","-68.1485771012743","44.5733447622901"
"scmo_nr_703","schoodic_mountain","scmo","no","-68.1485771012743","44.573216778699"
"scmo_nr_704","schoodic_mountain","scmo","no","-68.1485771012743","44.5730887948262"
"scmo_nr_736","schoodic_mountain","scmo","no","-68.1483974382175","44.5738566938379"
"scmo_nr_737","schoodic_mountain","scmo","no","-68.1483974382175","44.5737287113735"
"scmo_nr_738","schoodic_mountain","scmo","no","-68.1483974382175","44.5736007286273"
"scmo_nr_739","schoodic_mountain","scmo","no","-68.1483974382175","44.5734727455995"
"scmo_nr_740","schoodic_mountain","scmo","no","-68.1483974382175","44.5733447622901"
"scmo_nr_741","schoodic_mountain","scmo","no","-68.1483974382175","44.573216778699"
"scmo_nr_742","schoodic_mountain","scmo","no","-68.1483974382175","44.5730887948262"
"scmo_nr_774","schoodic_mountain","scmo","no","-68.1482177751607","44.5738566938379"
"scmo_nr_775","schoodic_mountain","scmo","no","-68.1482177751607","44.5737287113735"
"scmo_nr_776","schoodic_mountain","scmo","no","-68.1482177751607","44.5736007286273"
"scmo_nr_777","schoodic_mountain","scmo","no","-68.1482177751607","44.5734727455995"
"scmo_nr_778","schoodic_mountain","scmo","no","-68.1482177751607","44.5733447622901"
"scmo_nr_779","schoodic_mountain","scmo","no","-68.1482177751607","44.573216778699"
"scmo_nr_780","schoodic_mountain","scmo","no","-68.1482177751607","44.5730887948262"
"scmo_nr_812","schoodic_mountain","scmo","no","-68.1480381121038","44.5738566938379"
"scmo_nr_813","schoodic_mountain","scmo","no","-68.1480381121038","44.5737287113735"
"scmo_nr_814","schoodic_mountain","scmo","no","-68.1480381121038","44.5736007286273"
"scmo_nr_815","schoodic_mountain","scmo","no","-68.1480381121038","44.5734727455995"
"scmo_nr_816","schoodic_mountain","scmo","no","-68.1480381121038","44.5733447622901"
"scmo_nr_817","schoodic_mountain","scmo","no","-68.1480381121038","44.573216778699"
"scmo_nr_818","schoodic_mountain","scmo","no","-68.1480381121038","44.5730887948262"
"scmo_nr_849","schoodic_mountain","scmo","no","-68.147858449047","44.5739846760208"
"scmo_nr_850","schoodic_mountain","scmo","no","-68.147858449047","44.5738566938379"
"scmo_nr_851","schoodic_mountain","scmo","no","-68.147858449047","44.5737287113735"
"scmo_nr_852","schoodic_mountain","scmo","no","-68.147858449047","44.5736007286273"
"scmo_nr_853","schoodic_mountain","scmo","no","-68.147858449047","44.5734727455995"
"scmo_nr_854","schoodic_mountain","scmo","no","-68.147858449047","44.5733447622901"
"scmo_nr_855","schoodic_mountain","scmo","no","-68.147858449047","44.573216778699"
"scmo_nr_856","schoodic_mountain","scmo","no","-68.147858449047","44.5730887948262"
"scmo_nr_887","schoodic_mountain","scmo","no","-68.1476787859902","44.5739846760208"
"scmo_nr_888","schoodic_mountain","scmo","no","-68.1476787859902","44.5738566938379"
"scmo_nr_889","schoodic_mountain","scmo","no","-68.1476787859902","44.5737287113735"
"scmo_nr_890","schoodic_mountain","scmo","no","-68.1476787859902","44.5736007286273"
"scmo_nr_891","schoodic_mountain","scmo","no","-68.1476787859902","44.5734727455995"
"scmo_nr_892","schoodic_mountain","scmo","no","-68.1476787859902","44.5733447622901"
"scmo_nr_893","schoodic_mountain","scmo","no","-68.1476787859902","44.573216778699"
"scmo_nr_894","schoodic_mountain","scmo","no","-68.1476787859902","44.5730887948262"
"scmo_nr_925","schoodic_mountain","scmo","no","-68.1474991229334","44.5739846760208"
"scmo_nr_926","schoodic_mountain","scmo","no","-68.1474991229334","44.5738566938379"
"scmo_nr_927","schoodic_mountain","scmo","no","-68.1474991229334","44.5737287113735"
"scmo_nr_928","schoodic_mountain","scmo","no","-68.1474991229334","44.5736007286273"
"scmo_nr_929","schoodic_mountain","scmo","no","-68.1474991229334","44.5734727455995"
"scmo_nr_930","schoodic_mountain","scmo","no","-68.1474991229334","44.5733447622901"
"scmo_nr_931","schoodic_mountain","scmo","no","-68.1474991229334","44.573216778699"
"scmo_nr_932","schoodic_mountain","scmo","no","-68.1474991229334","44.5730887948262"
"scmo_nr_963","schoodic_mountain","scmo","no","-68.1473194598765","44.5739846760208"
"scmo_nr_964","schoodic_mountain","scmo","no","-68.1473194598765","44.5738566938379"
"scmo_nr_965","schoodic_mountain","scmo","no","-68.1473194598765","44.5737287113735"
"scmo_nr_966","schoodic_mountain","scmo","no","-68.1473194598765","44.5736007286273"
"scmo_nr_967","schoodic_mountain","scmo","no","-68.1473194598765","44.5734727455995"
"scmo_nr_968","schoodic_mountain","scmo","no","-68.1473194598765","44.5733447622901"
"scmo_nr_969","schoodic_mountain","scmo","no","-68.1473194598765","44.573216778699"
"scmo_nr_970","schoodic_mountain","scmo","no","-68.1473194598765","44.5730887948262"
"scmo_nr_1001","schoodic_mountain","scmo","no","-68.1471397968197","44.5739846760208"
"scmo_nr_1002","schoodic_mountain","scmo","no","-68.1471397968197","44.5738566938379"
"scmo_nr_1003","schoodic_mountain","scmo","no","-68.1471397968197","44.5737287113735"
"scmo_nr_1004","schoodic_mountain","scmo","no","-68.1471397968197","44.5736007286273"
"scmo_nr_1005","schoodic_mountain","scmo","no","-68.1471397968197","44.5734727455995"
"scmo_nr_1006","schoodic_mountain","scmo","no","-68.1471397968197","44.5733447622901"
"scmo_nr_1007","schoodic_mountain","scmo","no","-68.1471397968197","44.573216778699"
"scmo_nr_1008","schoodic_mountain","scmo","no","-68.1471397968197","44.5730887948262"
"scmo_nr_1039","schoodic_mountain","scmo","no","-68.1469601337629","44.5739846760208"
"scmo_nr_1040","schoodic_mountain","scmo","no","-68.1469601337629","44.5738566938379"
"scmo_nr_1041","schoodic_mountain","scmo","no","-68.1469601337629","44.5737287113735"
"scmo_nr_1042","schoodic_mountain","scmo","no","-68.1469601337629","44.5736007286273"
"scmo_nr_1043","schoodic_mountain","scmo","no","-68.1469601337629","44.5734727455995"
"scmo_nr_1044","schoodic_mountain","scmo","no","-68.1469601337629","44.5733447622901"
"scmo_nr_1045","schoodic_mountain","scmo","no","-68.1469601337629","44.573216778699"
"scmo_nr_1046","schoodic_mountain","scmo","no","-68.1469601337629","44.5730887948262"
"scmo_nr_1077","schoodic_mountain","scmo","no","-68.1467804707061","44.5739846760208"
"scmo_nr_1078","schoodic_mountain","scmo","no","-68.1467804707061","44.5738566938379"
"scmo_nr_1079","schoodic_mountain","scmo","no","-68.1467804707061","44.5737287113735"
"scmo_nr_1080","schoodic_mountain","scmo","no","-68.1467804707061","44.5736007286273"
"scmo_nr_1081","schoodic_mountain","scmo","no","-68.1467804707061","44.5734727455995"
"scmo_nr_1082","schoodic_mountain","scmo","no","-68.1467804707061","44.5733447622901"
"scmo_nr_1083","schoodic_mountain","scmo","no","-68.1467804707061","44.573216778699"
"scmo_nr_1084","schoodic_mountain","scmo","no","-68.1467804707061","44.5730887948262"
"scmo_nr_1115","schoodic_mountain","scmo","no","-68.1466008076492","44.5739846760208"
"scmo_nr_1116","schoodic_mountain","scmo","no","-68.1466008076492","44.5738566938379"
"scmo_nr_1117","schoodic_mountain","scmo","no","-68.1466008076492","44.5737287113735"
"scmo_nr_1118","schoodic_mountain","scmo","no","-68.1466008076492","44.5736007286273"
"scmo_nr_1119","schoodic_mountain","scmo","no","-68.1466008076492","44.5734727455995"
"scmo_nr_1120","schoodic_mountain","scmo","no","-68.1466008076492","44.5733447622901"
"scmo_nr_1121","schoodic_mountain","scmo","no","-68.1466008076492","44.573216778699"
"scmo_nr_1122","schoodic_mountain","scmo","no","-68.1466008076492","44.5730887948262"
"scmo_nr_1153","schoodic_mountain","scmo","no","-68.1464211445924","44.5739846760208"
"scmo_nr_1154","schoodic_mountain","scmo","no","-68.1464211445924","44.5738566938379"
"scmo_nr_1155","schoodic_mountain","scmo","no","-68.1464211445924","44.5737287113735"
"scmo_nr_1156","schoodic_mountain","scmo","no","-68.1464211445924","44.5736007286273"
"scmo_nr_1157","schoodic_mountain","scmo","no","-68.1464211445924","44.5734727455995"
"scmo_nr_1158","schoodic_mountain","scmo","no","-68.1464211445924","44.5733447622901"
"scmo_nr_1159","schoodic_mountain","scmo","no","-68.1464211445924","44.573216778699"
"scmo_nr_1160","schoodic_mountain","scmo","no","-68.1464211445924","44.5730887948262"
"scmo_nr_1192","schoodic_mountain","scmo","no","-68.1462414815356","44.5738566938379"
"scmo_nr_1193","schoodic_mountain","scmo","no","-68.1462414815356","44.5737287113735"
"scmo_nr_1194","schoodic_mountain","scmo","no","-68.1462414815356","44.5736007286273"
"scmo_nr_1195","schoodic_mountain","scmo","no","-68.1462414815356","44.5734727455995"
"scmo_nr_1196","schoodic_mountain","scmo","no","-68.1462414815356","44.5733447622901"
"scmo_nr_1197","schoodic_mountain","scmo","no","-68.1462414815356","44.573216778699"
"scmo_nr_1198","schoodic_mountain","scmo","no","-68.1462414815356","44.5730887948262"
"scmo_nr_1234","schoodic_mountain","scmo","no","-68.1460618184788","44.5733447622901"
"scmo_nr_1235","schoodic_mountain","scmo","no","-68.1460618184788","44.573216778699"
"scmo_nr_1236","schoodic_mountain","scmo","no","-68.1460618184788","44.5730887948262"
"scmo_nr_1304","schoodic_mountain","scmo","no","-68.1457024923651","44.5741126579219"
"scmo_nr_1305","schoodic_mountain","scmo","no","-68.1457024923651","44.5739846760208"
"scmo_nr_1342","schoodic_mountain","scmo","no","-68.1455228293083","44.5741126579219"
"scmo_nr_1380","schoodic_mountain","scmo","no","-68.1453431662515","44.5741126579219"
"scmo_nr_1383","schoodic_mountain","scmo","no","-68.1453431662515","44.5737287113735"
"scmo_nr_1384","schoodic_mountain","scmo","no","-68.1453431662515","44.5736007286273"
"scmo_nr_1418","schoodic_mountain","scmo","no","-68.1451635031947","44.5741126579219"
"scmo_nr_1419","schoodic_mountain","scmo","no","-68.1451635031947","44.5739846760208"
"scmo_nr_1420","schoodic_mountain","scmo","no","-68.1451635031947","44.5738566938379"
"scmo_nr_1421","schoodic_mountain","scmo","no","-68.1451635031947","44.5737287113735"
"scmo_nr_1422","schoodic_mountain","scmo","no","-68.1451635031947","44.5736007286273"
"shha_r_3139","ship_harbor","shha","yes","-68.321834747016","44.2277736978208"
"shha_r_3140","ship_harbor","shha","yes","-68.321834747016","44.2276449560602"
"shha_r_3228","ship_harbor","shha","yes","-68.3216550839591","44.2276449560602"
"shha_r_3229","ship_harbor","shha","yes","-68.3216550839591","44.2275162140181"
"shha_r_3317","ship_harbor","shha","yes","-68.3214754209023","44.2275162140181"
"shha_r_3318","ship_harbor","shha","yes","-68.3214754209023","44.2273874716943"
"shha_r_3406","ship_harbor","shha","yes","-68.3212957578455","44.2273874716943"
"shha_r_3407","ship_harbor","shha","yes","-68.3212957578455","44.227258729089"
"shha_r_3496","ship_harbor","shha","yes","-68.3211160947886","44.2271299862021"
"shha_r_3497","ship_harbor","shha","yes","-68.3211160947886","44.2270012430336"
"shha_r_3585","ship_harbor","shha","yes","-68.3209364317318","44.2270012430336"
"shha_r_3586","ship_harbor","shha","yes","-68.3209364317318","44.2268724995835"
"shha_r_3587","ship_harbor","shha","yes","-68.3209364317318","44.2267437558519"
"shha_r_3675","ship_harbor","shha","yes","-68.320756768675","44.2267437558519"
"shha_r_3676","ship_harbor","shha","yes","-68.320756768675","44.2266150118386"
"shha_r_3764","ship_harbor","shha","yes","-68.3205771056182","44.2266150118386"
"shha_r_3765","ship_harbor","shha","yes","-68.3205771056182","44.2264862675438"
"shha_r_3766","ship_harbor","shha","yes","-68.3205771056182","44.2263575229674"
"shha_r_3853","ship_harbor","shha","yes","-68.3203974425614","44.2264862675438"
"shha_r_3854","ship_harbor","shha","yes","-68.3203974425614","44.2263575229674"
"shha_r_3855","ship_harbor","shha","yes","-68.3203974425614","44.2262287781094"
"shha_r_3941","ship_harbor","shha","yes","-68.3202177795045","44.2264862675438"
"shha_r_3942","ship_harbor","shha","yes","-68.3202177795045","44.2263575229674"
"shha_r_3943","ship_harbor","shha","yes","-68.3202177795045","44.2262287781094"
"shha_r_4031","ship_harbor","shha","yes","-68.3200381164477","44.2262287781094"
"shha_r_4032","ship_harbor","shha","yes","-68.3200381164477","44.2261000329699"
"shha_r_4119","ship_harbor","shha","yes","-68.3198584533909","44.2262287781094"
"shha_r_4120","ship_harbor","shha","yes","-68.3198584533909","44.2261000329699"
"shha_r_4121","ship_harbor","shha","yes","-68.3198584533909","44.2259712875487"
"shha_r_4208","ship_harbor","shha","yes","-68.3196787903341","44.2261000329699"
"shha_r_4209","ship_harbor","shha","yes","-68.3196787903341","44.2259712875487"
"shha_r_4210","ship_harbor","shha","yes","-68.3196787903341","44.225842541846"
"shha_r_4297","ship_harbor","shha","yes","-68.3194991272772","44.2259712875487"
"shha_r_4298","ship_harbor","shha","yes","-68.3194991272772","44.225842541846"
"shha_r_4385","ship_harbor","shha","yes","-68.3193194642204","44.2259712875487"
"shha_r_4386","ship_harbor","shha","yes","-68.3193194642204","44.225842541846"
"shha_r_4474","ship_harbor","shha","yes","-68.3191398011636","44.225842541846"
"shha_r_4475","ship_harbor","shha","yes","-68.3191398011636","44.2257137958616"
"shha_r_4476","ship_harbor","shha","yes","-68.3191398011636","44.2255850495957"
"shha_r_4563","ship_harbor","shha","yes","-68.3189601381068","44.2257137958616"
"shha_r_4564","ship_harbor","shha","yes","-68.3189601381068","44.2255850495957"
"shha_r_4652","ship_harbor","shha","yes","-68.3187804750499","44.2255850495957"
"shha_r_4653","ship_harbor","shha","yes","-68.3187804750499","44.2254563030482"
"shha_r_4740","ship_harbor","shha","yes","-68.3186008119931","44.2255850495957"
"shha_r_4741","ship_harbor","shha","yes","-68.3186008119931","44.2254563030482"
"shha_r_4828","ship_harbor","shha","yes","-68.3184211489363","44.2255850495957"
"shha_r_4829","ship_harbor","shha","yes","-68.3184211489363","44.2254563030482"
"shha_r_4916","ship_harbor","shha","yes","-68.3182414858795","44.2255850495957"
"shha_r_4917","ship_harbor","shha","yes","-68.3182414858795","44.2254563030482"
"shha_r_5004","ship_harbor","shha","yes","-68.3180618228226","44.2255850495957"
"shha_r_5005","ship_harbor","shha","yes","-68.3180618228226","44.2254563030482"
"shha_r_5006","ship_harbor","shha","yes","-68.3180618228226","44.2253275562192"
"shha_r_5092","ship_harbor","shha","yes","-68.3178821597658","44.2255850495957"
"shha_r_5093","ship_harbor","shha","yes","-68.3178821597658","44.2254563030482"
"shha_r_5094","ship_harbor","shha","yes","-68.3178821597658","44.2253275562192"
"shha_r_5179","ship_harbor","shha","yes","-68.317702496709","44.2257137958616"
"shha_r_5180","ship_harbor","shha","yes","-68.317702496709","44.2255850495957"
"shha_r_5181","ship_harbor","shha","yes","-68.317702496709","44.2254563030482"
"shha_r_5182","ship_harbor","shha","yes","-68.317702496709","44.2253275562192"
"shha_r_5265","ship_harbor","shha","yes","-68.3175228336522","44.2259712875487"
"shha_r_5266","ship_harbor","shha","yes","-68.3175228336522","44.225842541846"
"shha_r_5267","ship_harbor","shha","yes","-68.3175228336522","44.2257137958616"
"shha_r_5268","ship_harbor","shha","yes","-68.3175228336522","44.2255850495957"
"shha_r_5352","ship_harbor","shha","yes","-68.3173431705954","44.2261000329699"
"shha_r_5353","ship_harbor","shha","yes","-68.3173431705954","44.2259712875487"
"shha_r_5354","ship_harbor","shha","yes","-68.3173431705954","44.225842541846"
"shha_r_5355","ship_harbor","shha","yes","-68.3173431705954","44.2257137958616"
"shha_r_5438","ship_harbor","shha","yes","-68.3171635075385","44.2263575229674"
"shha_r_5439","ship_harbor","shha","yes","-68.3171635075385","44.2262287781094"
"shha_r_5440","ship_harbor","shha","yes","-68.3171635075385","44.2261000329699"
"shha_r_5441","ship_harbor","shha","yes","-68.3171635075385","44.2259712875487"
"shha_r_5442","ship_harbor","shha","yes","-68.3171635075385","44.225842541846"
"shha_r_5523","ship_harbor","shha","yes","-68.3169838444817","44.2267437558519"
"shha_r_5524","ship_harbor","shha","yes","-68.3169838444817","44.2266150118386"
"shha_r_5525","ship_harbor","shha","yes","-68.3169838444817","44.2264862675438"
"shha_r_5526","ship_harbor","shha","yes","-68.3169838444817","44.2263575229674"
"shha_r_5527","ship_harbor","shha","yes","-68.3169838444817","44.2262287781094"
"shha_r_5528","ship_harbor","shha","yes","-68.3169838444817","44.2261000329699"
"shha_r_5529","ship_harbor","shha","yes","-68.3169838444817","44.2259712875487"
"shha_r_5609","ship_harbor","shha","yes","-68.3168041814249","44.2270012430336"
"shha_r_5610","ship_harbor","shha","yes","-68.3168041814249","44.2268724995835"
"shha_r_5611","ship_harbor","shha","yes","-68.3168041814249","44.2267437558519"
"shha_r_5612","ship_harbor","shha","yes","-68.3168041814249","44.2266150118386"
"shha_r_5613","ship_harbor","shha","yes","-68.3168041814249","44.2264862675438"
"shha_r_5614","ship_harbor","shha","yes","-68.3168041814249","44.2263575229674"
"shha_r_5615","ship_harbor","shha","yes","-68.3168041814249","44.2262287781094"
"shha_r_5616","ship_harbor","shha","yes","-68.3168041814249","44.2261000329699"
"shha_r_5695","ship_harbor","shha","yes","-68.316624518368","44.227258729089"
"shha_r_5696","ship_harbor","shha","yes","-68.316624518368","44.2271299862021"
"shha_r_5697","ship_harbor","shha","yes","-68.316624518368","44.2270012430336"
"shha_r_5698","ship_harbor","shha","yes","-68.316624518368","44.2268724995835"
"shha_r_5783","ship_harbor","shha","yes","-68.3164448553112","44.227258729089"
"shha_r_5784","ship_harbor","shha","yes","-68.3164448553112","44.2271299862021"
"shha_r_5863","ship_harbor","shha","yes","-68.3162651922544","44.2282886620473"
"shha_r_5870","ship_harbor","shha","yes","-68.3162651922544","44.2273874716943"
"shha_r_5871","ship_harbor","shha","yes","-68.3162651922544","44.227258729089"
"shha_r_5952","ship_harbor","shha","yes","-68.3160855291976","44.228159921413"
"shha_r_5956","ship_harbor","shha","yes","-68.3160855291976","44.2276449560602"
"shha_r_5957","ship_harbor","shha","yes","-68.3160855291976","44.2275162140181"
"shha_r_5958","ship_harbor","shha","yes","-68.3160855291976","44.2273874716943"
"shha_r_6041","ship_harbor","shha","yes","-68.3159058661408","44.2280311804972"
"shha_r_6042","ship_harbor","shha","yes","-68.3159058661408","44.2279024392998"
"shha_r_6043","ship_harbor","shha","yes","-68.3159058661408","44.2277736978208"
"shha_r_6044","ship_harbor","shha","yes","-68.3159058661408","44.2276449560602"
"shha_r_6045","ship_harbor","shha","yes","-68.3159058661408","44.2275162140181"
